City Id,city,Country Id,capital,population
1392685764,Tokyo,JP,primary,37977000
1360771077,Jakarta,ID,primary,34540000
1356872604,Delhi,IN,admin,29617000
1356226629,Mumbai,IN,admin,23355000
1608618140,Manila,PH,primary,23088000
1156073548,Shanghai,CN,admin,22120000
1076532519,São Paulo,BR,admin,22046000
1410836482,Seoul,KR,primary,21794000
1484247881,Mexico City,MX,primary,20996000
1156237133,Guangzhou,CN,admin,20902000
1156228865,Beijing,CN,primary,19433000
1818253931,Cairo,EG,primary,19372000
1840034016,New York,US,,18713220
1356060520,Kolkāta,IN,admin,17560000
1643318494,Moscow,RU,primary,17125000
1764068610,Bangkok,TH,primary,17066000
1032717330,Buenos Aires,AR,primary,16157000
1156158707,Shenzhen,CN,minor,15929000
1050529279,Dhaka,BD,primary,15443000
1566593751,Lagos,NG,minor,15279000
1792756324,Istanbul,TR,admin,15154000
1392419823,Ōsaka,JP,admin,14977000
1586129469,Karachi,PK,admin,14835000
1356410365,Bangalore,IN,admin,13707000
1364305026,Tehran,IR,primary,13633000
1180000363,Kinshasa,CD,primary,13528000
1704774326,Ho Chi Minh City,VN,admin,13312000
1840020491,Los Angeles,US,,12750807
1076887657,Rio de Janeiro,BR,admin,12272000
1156192287,Nanyang,CN,,12010000
1356374944,Chennai,IN,admin,11324000
1156421555,Chengdu,CN,admin,11309000
1586801463,Lahore,PK,admin,11021000
1250015082,Paris,FR,primary,11020000
1826645935,London,GB,primary,10979000
1156086320,Linyi,CN,,10820000
1156174046,Tianjin,CN,admin,10800000
1156217541,Shijiazhuang,CN,admin,10784600
1156256829,Baoding,CN,,10700000
1156272098,Zhoukou,CN,minor,9901000
1604728603,Lima,PE,primary,9848000
1356871768,Hyderābād,IN,admin,9746000
1170483426,Bogotá,CO,primary,9464000
1156912965,Weifang,CN,,9373000
1392407472,Nagoya,JP,admin,9113000
1156117184,Wuhan,CN,admin,8962000
1156225008,Heze,CN,minor,8750000
1156832475,Ganzhou,CN,minor,8677600
1156241678,Tongshan,CN,minor,8669000
1840000494,Chicago,US,,8604203
1156957080,Handan,CN,,8499000
1024949724,Luanda,AO,primary,8417000
1156248008,Fuyang,CN,,8360000
1458988644,Kuala Lumpur,MY,primary,8285000
1156504601,Jining,CN,,8023000
1156478242,Dongguan,CN,minor,7981000
1704413791,Hanoi,VN,primary,7785000
1356081074,Pune,IN,,7764000
1156936556,Chongqing,CN,admin,7739000
1156078103,Changchun,CN,admin,7674439
1156184822,Zhumadian,CN,,7640000
1156170787,Ningbo,CN,minor,7639000
1566593483,Onitsha,NG,minor,7635000
1156644065,Nanjing,CN,admin,7496000
1156332710,Hefei,CN,admin,7457027
1356304381,Ahmadābād,IN,minor,7410000
1344982653,Hong Kong,HK,,7347000
1729268475,Khartoum,SD,primary,7282000
1156045365,Nantong,CN,minor,7282835
1156995410,Yancheng,CN,minor,7260240
1156738403,Foshan,CN,minor,7194311
1156605439,Nanning,CN,admin,7153300
1156696884,Hengyang,CN,,7148344
1156244079,Xi’an,CN,admin,7135000
1156309382,Shenyang,CN,admin,7105000
1156904299,Tangshan,CN,,7100000
1156310366,Shaoyang,CN,,7071000
1156961497,Changsha,CN,admin,7044118
1152554349,Santiago,CL,primary,7007000
1156183137,Zhengzhou,CN,admin,7005000
1156502170,Zhanjiang,CN,minor,6900000
1682999334,Riyadh,SA,primary,6881000
1156698069,Cangzhou,CN,,6800000
1834843853,Dar es Salaam,TZ,primary,6698000
1156568722,Maoming,CN,minor,6706000
1156200037,Huanggang,CN,minor,6667000
1156273453,Xinyang,CN,,6634000
1156405492,Shangrao,CN,minor,6579714
1156069315,Luoyang,CN,,6549941
1156018927,Bijie,CN,,6537498
1156932948,Yantai,CN,,6516900
1156829655,Quanzhou,CN,minor,6480000
1156275243,Hangzhou,CN,admin,6446000
1840015149,Miami,US,,6445545
1156477539,Kunming,CN,admin,6250000
1156762337,Nanchong,CN,minor,6183000
1156539782,Zunyi,CN,,6127009
1156499624,Lu’an,CN,minor,6090000
1156229590,Yichun,CN,minor,6048700
1156322307,Taizhou,CN,minor,5968838
1156006600,Liaocheng,CN,minor,5955300
1156747998,Qujing,CN,,5855055
1156107325,Xiangyang,CN,minor,5844000
1356758738,Sūrat,IN,,5807000
1368596238,Baghdad,IQ,primary,5796000
1156112588,Qingdao,CN,minor,5775000
1702341327,Singapore,SG,primary,5745000
1840019440,Dallas,US,,5743938
1156449091,Changde,CN,minor,5717200
1156834076,Dazhou,CN,minor,5693000
1156871297,Suzhou,CN,,5690000
1840000673,Philadelphia,US,,5649300
1156260378,Jieyang,CN,minor,5634000
1404000661,Nairobi,KE,primary,5545000
1156127660,Nangandao,CN,minor,5516000
1792572891,Ankara,TR,primary,5503985
1156095188,Tai’an,CN,,5499000
1156901312,Yulin,CN,,5487368
1156524080,Dezhou,CN,minor,5470000
1840020925,Houston,US,,5464251
1840013660,Atlanta,US,admin,5449398
1104616656,Rangoon,MM,primary,5430000
1124279679,Toronto,CA,,5429524
1156235493,Suihua,CN,minor,5420000
1840006060,Washington,US,primary,5379184
1156775905,Qiqihar,CN,minor,5367003
1156547188,Jinhua,CN,minor,5361572
1643616350,Saint Petersburg,RU,admin,5351935
1156457499,Shantou,CN,minor,5319028
1036074917,Sydney,AU,admin,5312163
1156903687,Weinan,CN,minor,5300000
1156212349,Suqian,CN,,5290000
1484950208,Guadalajara,MX,admin,5253000
1156029196,Suzhou,CN,minor,5250000
1156188037,Fuzhou,CN,admin,5245000
1156924687,Zhaotong,CN,,5213521
1156644508,Pudong,CN,minor,5187200
1156694479,Yongzhou,CN,,5180235
1076967355,Belo Horizonte,BR,admin,5159000
1156241637,Zhangzhou,CN,minor,5140000
1156356860,Bozhou,CN,,5100000
1036533631,Melbourne,AU,admin,5078193
1156198892,Nanchang,CN,admin,5042565
1156120117,Xianyang,CN,minor,5040000
1156119229,Taizhou,CN,minor,5031000
1360484663,Surabaya,ID,admin,4975000
1384207980,Abidjan,CI,primary,4980000
1156278215,Ji’an,CN,minor,4956600
1156417758,Mianyang,CN,minor,4945000
1156893449,Shaoxing,CN,minor,4912239
1818695837,Alexandria,EG,admin,4870000
1156705644,Yuncheng,CN,,4860000
1156735124,Pingdingshan,CN,,4838000
1156634228,Huai’an,CN,,4799889
1156035381,Xinpu,CN,minor,4790000
1156235364,Guilin,CN,minor,4747963
1156353465,Huaihua,CN,,4741948
1156206041,Jiujiang,CN,minor,4728778
1156238875,Anqing,CN,minor,4723000
1840000455,Boston,US,admin,4688346
1156198356,Huanglongsi,CN,,4676159
1156002290,Xiaoganzhan,CN,,4665000
1156185511,Changzhou,CN,minor,4592431
1724594040,Barcelona,ES,admin,4588000
1156291915,Chenzhou,CN,minor,4581778
1156019650,Wuxi,CN,minor,4580000
1156381094,Zibo,CN,,4530597
1156491661,Jiaxing,CN,minor,4501657
1156175472,Dalian,CN,,4480000
1156241528,Harbin,CN,admin,4458000
1156818601,Yangzhou,CN,,4459000
1156107603,Yibin,CN,minor,4456000
1156105613,Jiangmen,CN,minor,4448871
1710550792,Johannesburg,ZA,admin,4434827
1156361028,Meizhou,CN,minor,4378800
1156277458,Chifeng,CN,minor,4376600
1504175315,Casablanca,MA,admin,4370000
1156932620,Guiyang,CN,admin,4365000
1156109017,Langfang,CN,,4358839
1156800221,Zhangjiakou,CN,,4345491
1792725579,İzmir,TR,admin,4320519
1156416074,Linfen,CN,,4316610
1156188829,Wenzhou,CN,,4310000
1484559591,Monterrey,MX,admin,4295000
1156582079,Luzhou,CN,minor,4291000
1156235735,Jiangguanchi,CN,minor,4289000
1156516335,Neijiang,CN,minor,4238000
1840020568,Phoenix,US,admin,4219697
1156217114,Yanjiang,CN,minor,4217000
1156218615,Yiyang,CN,,4174000
1156170144,Zhaoqing,CN,minor,4151700
1156803028,Hengshui,CN,,4150000
1156895251,Guigang,CN,,4118808
1156764447,Xiaoxita,CN,minor,4115000
1156212809,Xiamen,CN,minor,4110000
1156036420,Chuzhou,CN,,4110000
1156915325,Fuzhou,CN,,4047200
1400522593,Amman,JO,primary,4007526
1682926944,Jeddah,SA,,3976000
1586141444,Sialkot City,PK,minor,3893672
1156203268,Huizhou,CN,minor,3875000
1156135890,Qingyuan,CN,minor,3874000
1156041962,Zhuzhou,CN,minor,3855609
1156315512,Wuhu,CN,minor,3842100
1156868701,Hechi,CN,,3830000
1840021117,Seattle,US,,3789215
1156010654,Loudi,CN,,3785627
1156564962,Binzhou,CN,,3779200
1156360785,Liuzhou,CN,minor,3758704
1392118339,Yokohama,JP,admin,3748781
1156101096,Baojishi,CN,,3738700
1156377302,Guang’an,CN,minor,3723000
1156382678,Hanzhong,CN,,3700000
1004993580,Kabul,AF,primary,3678034
1156796454,Zaozhuang,CN,,3650000
1276451290,Berlin,DE,primary,3644826
1156901825,Anshan,CN,,3645884
1156127147,Deyang,CN,minor,3636000
1156280566,Lanzhou,CN,admin,3616163
1156197800,Chengde,CN,,3610000
1840021543,San Francisco,US,,3592294
1156431924,Puyang,CN,minor,3580000
1156655650,Suining,CN,minor,3556000
1156157854,Jiaozuo,CN,,3540101
1156440668,Bengbu,CN,,3525000
1124586170,Montréal,CA,,3519595
1840003971,Detroit,US,,3506126
1156981113,Baicheng,CN,minor,3466758
1410601465,Busan,KR,admin,3440484
1012973369,Algiers,DZ,primary,3415811
1156104017,Qincheng,CN,minor,3400000
1156632014,Taiyuan,CN,admin,3398000
1356891790,Lucknow,IN,admin,3382000
1156706927,Chaoyang,CN,,3370000
1156167204,Hechi,CN,,3369251
1156203130,Leshan,CN,,3364000
1156280672,Yulinshi,CN,,3328000
1156063295,Siping,CN,,3300000
1724616994,Madrid,ES,primary,3266126
1156972469,Jinan,CN,admin,3250000
1156383921,Shiyan,CN,minor,3228000
1156057944,Changzhi,CN,minor,3230000
1840021990,San Diego,US,,3220118
1586323916,Faisalabad,PK,minor,3203846
1068129363,Santa Cruz,BO,admin,3151676
1156271365,Bazhou,CN,minor,3134000
1156579621,Zhongshan,CN,minor,3121275
1156934125,Zhenjiang,CN,minor,3113384
1156051276,Ürümqi,CN,admin,3112559
1156358686,Tongliao,CN,minor,3094600
1156665165,Heyuan,CN,minor,3093900
1156803442,Tongren,CN,,3093204
1156106602,Qinzhou,CN,minor,3079721
1356293537,Jaipur,IN,admin,3073350
1156617534,Xinzhou,CN,minor,3067501
1231824991,Addis Ababa,ET,primary,3041002
1818925479,Giza,EG,admin,3021542
1156185501,Meishan,CN,,3020000
1076144436,Brasília,BR,primary,3015268
1364123206,Mashhad,IR,admin,3001184
1156157151,Jinzhou,CN,,3000000
1156089994,Tieling,CN,,3000000
1156617066,Shaoguan,CN,minor,2997600
1156939010,Shanwei,CN,minor,2990000
1840007830,Minneapolis,US,,2977172
1804382913,Kyiv,UA,primary,2967000
1887750814,Sanaa,YE,primary,2957000
1608974097,Quezon City,PH,admin,2936116
1156518274,Dingxi,CN,minor,2930000
1076923789,Salvador,BR,admin,2921087
1410160313,Incheon,KR,admin,2913024
1792903330,Bursa,TR,admin,2901396
1156909802,Ningde,CN,minor,2910000
1840015982,Tampa,US,,2908063
1156403962,Daqing,CN,,2904532
1826423213,Birmingham,GB,,2897303
1156811601,Putian,CN,minor,2900000
1156335543,Huzhou,CN,minor,2893542
1156620133,Wuzhou,CN,minor,2882200
1840018789,Denver,US,admin,2876625
1380382862,Rome,IT,primary,2872800
1068000064,La Paz,BO,primary,2867504
1408738594,Pyongyang,KP,primary,2863000
1566422868,Kano,NG,admin,2828861
1158689622,Taichung,TW,admin,2803894
1729912179,Omdurman,SD,,2805396
1156023354,Zigong,CN,,2800000
1156091093,Qinhuangdao,CN,,2800000
1156249698,Mudanjiang,CN,minor,2790000
1156580218,Huludao,CN,minor,2787000
1158331334,Kaohsiung,TW,admin,2773533
1156195684,Xiangtan,CN,,2748552
1218802178,Guayaquil,EC,admin,2723665
1156032841,Rizhao,CN,minor,2720000
1826246335,Manchester,GB,,2705000
1356575238,Cawnpore,IN,,2701324
1156032751,Baotou,CN,,2700000
1158881289,Taipei,TW,primary,2684567
1156927445,Nanping,CN,minor,2690000
1156012979,Longyan,CN,minor,2640000
1566366407,Ibadan,NG,admin,2628000
1156210167,Hohhot,CN,admin,2635000
1156549118,Chaozhou,CN,minor,2620000
1450978461,Antananarivo,MG,primary,2610000
1156633259,Longba,CN,,2614000
1156473300,Weihai,CN,minor,2596753
1050830722,Chattogram,BD,admin,2581643
1214636202,Santo Domingo,DO,primary,2581827
1156424311,Xuanzhou,CN,,2580000
1156294429,Sanming,CN,minor,2580000
1840034030,Brooklyn,US,,2559903
1170680389,Medellín,CO,admin,2529403
1036192929,Brisbane,AU,admin,2514184
1156546994,Baoshan,CN,,2506491
1784736618,Dubai,AE,admin,2502715
1156330876,Luohe,CN,minor,2500000
1156032582,Qinbaling,CN,,2500000
1356427908,Mirzāpur,IN,,2496970
1156084562,Guangyuan,CN,,2484122
1170417589,Cali,CO,admin,2471474
1410095252,Daegu,KR,admin,2461002
1076567885,Fortaleza,BR,admin,2452185
1320197916,Guatemala City,GT,primary,2450212
1120298240,Yaoundé,CM,primary,2440462
1120494607,Douala,CM,admin,2446945
1156646448,Jilin,CN,,2396000
1156046704,Lianshan,CN,minor,2426000
1156044130,Lincang,CN,,2429497
1792988434,Antalya,TR,admin,2426356
1860331871,Tashkent,UZ,primary,2424100
1156234290,Huangshi,CN,minor,2419000
1360313023,Bandung,ID,admin,2394873
1356365743,Nāgpur,IN,,2405665
1156178316,Dandong,CN,,2400000
1156877299,Huainan,CN,,2409000
1156091241,Shangzhou,CN,,2400000
1360006015,Bekasi,ID,,2381053
1356691871,Ghāziābād,IN,,2381452
1484708778,Tijuana,MX,minor,2384609
1156350864,Jiamusi,CN,minor,2360000
1156123172,Yangjiang,CN,minor,2357000
1288299415,Accra,GH,primary,2291352
1156682309,Yuxi,CN,minor,2303518
1156857743,Fushun,CN,,2300000
1156415948,Anshun,CN,,2297612
1124825478,Vancouver,CA,,2264823
1360002844,Tangerang,ID,,2237006
1792014004,Konya,TR,admin,2232374
1840034002,Queens,US,,2230722
1156257074,Yingkou,CN,minor,2220000
1792783772,Adana,TR,admin,2220125
1360543171,Medan,ID,admin,2210625
1156529682,Sanmenxia,CN,,2213000
1356402812,Indore,IN,,2201927
1156847452,Ma’anshan,CN,minor,2202899
1156216904,Pingliang,CN,minor,2190000
1156180376,Quzhou,CN,,2185000
1031946365,Baku,AZ,primary,2181800
1156522457,Gaoping,CN,minor,2174000
1156142626,Huaibei,CN,,2158000
1156081448,Xining,CN,admin,2154000
1156546342,Yan’an,CN,,2150000
1192752771,Havana,CU,primary,2141652
1116260534,Phnom Penh,KH,primary,2129371
1392576294,Fukuoka,JP,admin,2128000
1706893395,Mogadishu,SO,primary,2120000
1156163376,Jincheng,CN,minor,2120000
1156858793,Lishui,CN,minor,2116957
1156273372,Qingyang,CN,minor,2111000
1840020551,Riverside,US,,2107852
1840001592,Baltimore,US,,2106068
1704000623,Haiphong,VN,admin,2103500
1840020364,Las Vegas,US,,2104198
1156925734,Laibin,CN,,2099711
1586344001,Rawalpindi,PK,minor,2098231
1288181103,Kumasi,GH,admin,2069350
1840019941,Portland,US,,2074775
1356705249,Vadodara,IN,,2065771
1036178956,Perth,AU,admin,2059484
1156756494,Puning,CN,,2055552
1840022220,San Antonio,US,,2049293
1156183327,Haikou,CN,admin,2046189
1356692563,Vishākhapatnam,IN,,2035922
1792911843,Gaziantep,TR,admin,2028563
1112348503,Minsk,BY,primary,2020600
1840001651,St. Louis,US,,2024074
1466965925,Bamako,ML,primary,2009109
1218441993,Quito,EC,primary,2011388
1156066465,Pingxiang,CN,minor,2001027
1156438670,Chongzuo,CN,minor,1994285
1792937570,Şanlıurfa,TR,admin,1985753
1180172460,Kananga,CD,admin,1971704
1586851102,Peshawar,PK,admin,1970042
1392000195,Sapporo,JP,admin,1958756
1156393765,Jixi,CN,minor,1950000
1862748204,Caracas,VE,primary,1943901
1156141954,Fuxin,CN,,1930000
1826343963,Leeds,GB,,1901934
1840021491,Sacramento,US,admin,1898019
1454145012,Blantyre,MW,admin,1895973
1158061376,Tainan,TW,admin,1883831
1642414442,Bucharest,RO,primary,1883425
1156760291,Wuwei,CN,minor,1890000
1356734039,Bhopāl,IN,admin,1883381
1076701712,Curitiba,BR,admin,1879355
1156898522,Xiping,CN,minor,1873000
1600057911,Asunción,PY,primary,1870000
1586619596,Saidu Sharif,PK,minor,1860310
1040261752,Vienna,AT,primary,1840573
1760366651,Aleppo,SY,admin,1834093
1276041799,Hamburg,DE,admin,1841179
1404588252,Meru,KE,admin,1833000
1178340306,Brazzaville,CG,primary,1827000
1840015099,Orlando,US,,1822394
1792520282,Mersin,TR,admin,1814468
1398351701,Almaty,KZ,,1806833
1170179113,Barranquilla,CO,admin,1798000
1392622735,Kyōto,JP,admin,1805000
1076607274,Manaus,BR,admin,1802014
1156202749,Liaoyang,CN,,1800000
1156140738,Baiyin,CN,minor,1799000
1840021570,San Jose,US,,1798103
1616024847,Warsaw,PL,primary,1790658
1156672254,Shengli,CN,minor,1790000
1180506234,Lubumbashi,CD,admin,1786397
1760685964,Damascus,SY,primary,1754000
1156051957,Shuyangzha,CN,,1770000
1156805441,Shangqiu,CN,,1753000
1364023865,Eşfahān,IR,admin,1756126
1348611435,Budapest,HU,primary,1752286
1156339225,Heihe,CN,minor,1750000
1894157390,Lusaka,ZM,primary,1742979
1792536241,Diyarbakır,TR,admin,1732396
1356475483,Chinchvad,IN,,1729320
1156227167,Shuozhou,CN,minor,1714857
1076376829,Vitória,BR,admin,1704000
1840000596,Cleveland,US,,1710093
1840001254,Pittsburgh,US,,1703266
1682169241,Mecca,SA,admin,1700000
1356821429,Patna,IN,admin,1684222
1368194914,Mosul,IQ,admin,1694000
1840019590,Austin,US,admin,1687311
1156025536,Sanzhou,CN,,1680000
1324568159,Conakry,GN,primary,1667864
1800406299,Kampala,UG,primary,1659600
1484003694,Ecatepec,MX,minor,1656107
1840003814,Cincinnati,US,,1662691
1360051337,Makassar,ID,admin,1651146
1156245000,Yushan,CN,minor,1651200
1356929498,Ludhiāna,IN,,1649000
1826292220,Newcastle,GB,,1650000
1360962899,Depok,ID,,1631951
1158025380,Zhongli,TW,,1632616
1840008535,Kansas City,US,,1636715
1504023252,Rabat,MA,primary,1628000
1854029208,Ouagadougou,BF,primary,1626950
1608906877,Davao,PH,admin,1632991
1840034000,Manhattan,US,,1628706
1360745537,Semarang,ID,admin,1621384
1156359072,Yinchuan,CN,admin,1616000
1586256291,Multan,PK,minor,1606481
1608897690,Caloocan City,PH,admin,1583978
1716196799,Harare,ZW,primary,1606000
1643399240,Novosibirsk,RU,admin,1602915
1156883901,Chengtangcun,CN,,1603659
1356187395,Āgra,IN,,1585705
1364258511,Karaj,IR,admin,1592492
1840030084,Indianapolis,US,admin,1588961
1156038165,Jingdezhen,CN,minor,1587477
1484416394,Puebla,MX,admin,1576259
1356172246,Kalyān,IN,,1576614
1356257289,Madurai,IN,minor,1561129
1586400472,Gujranwala,PK,minor,1569090
1156097909,Benxi,CN,,1567000
1356501259,Jamshedpur,IN,,1558000
1156722242,Zhuhai,CN,minor,1562000
1076137337,Recife,BR,admin,1555039
1840003760,Columbus,US,admin,1562009
1364141756,Tabrīz,IR,admin,1558693
1214985348,Santiago,DO,admin,1550753
1862072711,Maracaibo,VE,admin,1551539
1156421449,Beihai,CN,,1539251
1156245904,Shuangyashan,CN,,1530000
1392978082,Kōbe,JP,admin,1522944
1840014557,Charlotte,US,,1512923
1156817119,Yucheng,CN,minor,1512000
1156901538,Changshu,CN,,1510100
1156173813,Ximeicun,CN,,1508000
1156545200,Jianguang,CN,,1507402
1410000087,Gwangju,KR,admin,1501557
1156046916,Xushan,CN,minor,1502000
1156165517,Guiping,CN,minor,1496904
1356562598,Nāsik,IN,,1486053
1076658221,Porto Alegre,BR,admin,1484941
1156072884,Zhangjiajie,CN,minor,1486000
1862309871,Valencia,VE,admin,1484430
1840003871,Virginia Beach,US,,1478868
1410993875,Daejeon,KR,admin,1475221
1276692352,Munich,DE,admin,1471508
1643582706,Yekaterinburg,RU,admin,1468833
1554435911,Auckland,NZ,admin,1467800
1156057251,Yunfu,CN,minor,1470000
1156527426,Huangshan,CN,minor,1470000
1156796734,Huazhou,CN,minor,1468061
1364432238,Shīrāz,IR,admin,1460665
1484811199,León de los Aldama,MX,minor,1454793
1156114238,Pizhou,CN,,1458038
1360902897,Palembang,ID,admin,1452456
1804588111,Kharkiv,UA,admin,1446107
1392879600,Kawanakajima,JP,,1437266
1156944106,Lianjiang,CN,,1443099
1156131504,Chizhou,CN,minor,1430000
1156863840,Leizhou,CN,,1427664
1156817541,Guyuan,CN,,1426000
1156993705,Rui’an,CN,,1424667
1826141026,Birstall,GB,,1424216
1512035506,Muscat,OM,primary,1421409
1156114258,Hebi,CN,,1419000
1156060544,Jingling,CN,,1418913
1840033999,Bronx,US,,1418207
1528799905,The Hague,NL,primary,1406000
1566679132,Owerri,NG,admin,1401873
1784152993,Sharjah,AE,admin,1400000
1356013205,Farīdābād,IN,,1394000
1496024767,Ulaanbaatar,MN,primary,1396288
1076034054,Goiânia,BR,admin,1393575
1076646823,Belém,BR,admin,1393399
1792945815,Kayseri,TR,admin,1389680
1156900058,Yueqing,CN,,1389332
1688374696,Belgrade,RS,primary,1378682
1156157078,Pingdu,CN,,1378900
1356840670,Aurangābād,IN,,1371330
1156592042,Yutan,CN,minor,1368117
1156052493,Wenling,CN,,1366794
1586306717,Islamabad,PK,primary,1365000
1840003046,Milwaukee,US,,1365787
1380724377,Milan,IT,admin,1351562
1100762037,Sofia,BG,primary,1355142
1036538171,Adelaide,AU,admin,1345777
1792169057,Samsun,TR,admin,1335716
1356317190,Rājkot,IN,,1335397
1050667339,Khulna,BD,admin,1311100
1032803249,Córdoba,AR,admin,1329604
1076730420,Guarulhos,BR,,1324781
1484840083,Juárez,MX,minor,1321004
1203744823,Prague,CZ,primary,1324277
1858107000,Montevideo,UY,primary,1319108
1180399586,Mbuji-Mayi,CD,admin,1295000
1156893569,Fuqing,CN,minor,1316000
1156761230,Xintai,CN,,1315942
1634459660,Doha,QA,primary,1312947
1392017719,Saitama,JP,admin,1307931
1392373695,Hiroshima,JP,admin,1306589
1356390476,Meerut,IN,,1305429
1156326773,Yushu,CN,,1304436
1156122888,Rongcheng,CN,,1302891
1156157844,Yangquan,CN,minor,1300000
1156052713,Haicheng,CN,minor,1293877
1156785303,Gaozhou,CN,,1288665
1156301061,Yingtan,CN,,1288615
1156662372,Huaiyin,CN,,1264000
1156139322,Wuzhong,CN,minor,1284000
1356115460,Jabalpur,IN,,1267564
1356681152,Thāne,IN,,1261517
1156180353,Zhangye,CN,minor,1270000
1156323529,Rucheng,CN,minor,1267066
1643012126,Nizhniy Novgorod,RU,admin,1264075
1340762485,Comayagüela,HN,,1250000
1156203000,Yangshe,CN,minor,1253100
1156668366,Shaoyang,CN,minor,1253548
1356103392,Dhanbād,IN,,1246000
1156757274,Yichun,CN,minor,1250000
1156207332,Laiwu,CN,,1248636
1643101260,Kazan,RU,admin,1243500
1156828380,Dayan,CN,,1244769
1410679777,Suwon,KR,admin,1234300
1156033234,Jiangyin,CN,,1241045
1156841802,Yongcheng,CN,,1240382
1124690423,Calgary,CA,,1239220
1704783472,Cần Thơ,VN,admin,1237300
1566342270,Abuja,NG,primary,1235880
1156078044,Yiwu,CN,minor,1234015
1104468217,Mandalay,MM,admin,1225546
1156137209,Beidao,CN,minor,1225000
1368714645,Al Başrah,IQ,admin,1225793
1156070389,Shuangshui,CN,,1221000
1724991838,Sevilla,ES,admin,1212045
1076575691,Vila Velha,BR,,1209091
1356718332,Allahābād,IN,,1201000
1356145782,Vārānasi,IN,,1198491
1788742103,Tunis,TN,primary,1200000
1643224011,Chelyabinsk,RU,admin,1202371
1404512373,Mombasa,KE,admin,1200000
1840003289,Providence,US,admin,1203230
1364701633,Qom,IR,admin,1201158
1566540296,Maiduguri,NG,admin,1197497
1508074843,Maputo,MZ,primary,1191613
1032770677,Rosario,AR,minor,1193605
1566080151,Benin City,NG,admin,1190000
1156138735,Xinyu,CN,minor,1186700
1364350188,Ahvāz,IR,admin,1184788
1372595407,Dublin,IE,primary,1173179
1840015031,Jacksonville,US,,1181496
1682345785,Medina,SA,admin,1180770
1356442950,Srīnagar,IN,admin,1180570
1643360863,Omsk,RU,admin,1178391
1156282637,Huazhou,CN,,1178809
1360503809,Cilacap,ID,minor,1174964
1156216927,Xiantao,CN,,1175085
1360243491,Bandar Lampung,ID,admin,1166761
1643205757,Samara,RU,admin,1169719
1156249346,Guankou,CN,minor,1168056
1410134602,Ulsan,KR,admin,1166033
1156656582,Dingzhou,CN,,1165182
1076145766,Campinas,BR,,1164098
1156490109,Lianyuan,CN,minor,1162928
1156102432,Rongcheng,CN,minor,1162770
1156441554,Kaiyuan,CN,minor,1160000
1104838105,Nay Pyi Taw,MM,primary,1160242
1686604760,Dakar,SN,primary,1146053
1156504227,Zhuji,CN,minor,1157938
1484198680,Zapopan,MX,minor,1155790
1156057789,Leiyang,CN,minor,1151554
1156901342,Dadukou,CN,minor,1144000
1586556108,Quetta,PK,admin,1140000
1356926507,Amritsar,IN,,1132383
1604422141,Callao,PE,admin,1129854
1356076391,Alīgarh,IN,,1131160
1156748426,Yingchuan,CN,minor,1131896
1340344059,Tegucigalpa,HN,primary,1126534
1484016661,Ciudad Nezahualcóyotl,MX,,1109363
1434201852,Tripoli,LY,primary,1126000
1643013518,Rostov,RU,admin,1125299
1484074285,Nezahualcóyotl,MX,minor,1110565
1356763571,Bhiwandi,IN,,1125898
1156200283,Zhoushan,CN,minor,1121261
1268203191,Tbilisi,GE,primary,1118035
1643722928,Ufa,RU,admin,1115560
1504861997,Fès,MA,admin,1112072
1704863046,Biên Hòa,VN,admin,1104000
1484788702,Mexicali,MX,admin,1102342
1356363967,Gwalior,IN,,1101981
1156255711,Ankang,CN,,1100000
1566683694,Ikare,NG,minor,1099931
1156541759,Hegang,CN,minor,1100000
1840021383,Salt Lake City,US,admin,1098526
1356071083,Bhilai,IN,,1097000
1156221984,Yuyao,CN,,1095000
1148708596,N’Djamena,TD,primary,1092066
1156149248,Hanchuan,CN,,1092700
1156696810,Gongzhuling,CN,,1092692
1208763942,Copenhagen,DK,primary,1085000
1400221568,Irbid,JO,admin,1088100
1356986516,Hāora,IN,,1077075
1276015998,Cologne,DE,,1085664
1643544975,Krasnoyarsk,RU,admin,1083865
1156292419,Yicheng,CN,minor,1082929
1156935002,Mizhou,CN,minor,1081960
1840036155,Nashville,US,admin,1081903
1051074169,Yerevan,AM,primary,1075800
1356110588,Rānchi,IN,admin,1073440
1398516045,Nur-Sultan,KZ,primary,1078362
1478414984,Nouakchott,MR,primary,1077169
1710271883,Vereeniging,ZA,,1074000
1840001698,Richmond,US,admin,1075798
1076819308,São Luís,BR,admin,1073893
1340568412,San Pedro Sula,HN,admin,1073824
1156331200,Taixing,CN,minor,1073921
1840015457,Memphis,US,,1066967
1410511255,Goyang,KR,minor,1061929
1356807575,Bezwāda,IN,,1048240
1124290735,Edmonton,CA,,1062643
1156155575,Xishan,CN,minor,1060000
1862860739,Barquisimeto,VE,admin,1059092
1392457903,Sendai,JP,admin,1058070
1643811064,Voronezh,RU,admin,1047549
1643294442,Perm,RU,admin,1048005
1410592618,Changwon,KR,admin,1046054
1156956616,Zhongwei,CN,minor,1046000
1156787809,Shouguang,CN,,1039205
1360771925,Bogor,ID,,1030720
1840014497,Raleigh,US,admin,1038738
1170886102,Cartagena,CO,admin,1036412
1356739179,Chandīgarh,IN,admin,1026459
1417191971,Bishkek,KG,primary,1027200
1528355309,Amsterdam,NL,primary,1031000
1508768577,Matola,MZ,,1032197
1566373448,Ogbomoso,NG,minor,1032000
1795049992,Ashgabat,TM,primary,1031992
1156414637,E’zhou,CN,minor,1031000
1076440479,Maceió,BR,admin,1029129
1562932886,Niamey,NE,primary,1026848
1558296252,Managua,NI,primary,1028808
1360893799,Patam,ID,,1029808
1792519395,Tekirdağ,TR,admin,1029927
1156451663,Linhai,CN,,1028813
1818909612,Shubrā al Khaymah,EG,,1025569
1430477826,Monrovia,LR,primary,1021762
1156476417,Wafangdian,CN,,1024876
1156631720,Zhongxiang,CN,,1022514
1398791401,Shymkent,KZ,admin,1018974
1840001839,New Orleans,US,,1020886
1643577201,Volgograd,RU,admin,1015586
1332401940,Port-au-Prince,HT,primary,987310
1356779323,Mysore,IN,,1014227
1804178102,Odesa,UA,admin,1010783
1524589448,Kathmandu,NP,primary,975453
1356374983,Raipur,IN,admin,1010087
1250774553,Nice,FR,minor,1006402
1604723954,Arequipa,PE,admin,1008290
1566070649,Port Harcourt,NG,admin,1005904
1528892850,Rotterdam,NL,minor,1005000
1840030815,Louisville,US,,1005654
1156197076,Zaoyang,CN,,1004741
1156462734,Shuizhai,CN,,1003698
1356820310,Kota,IN,,1001694
1784176710,Abu Dhabi,AE,primary,1000000
1752425602,Stockholm,SE,primary,972647
1124399363,Ottawa,CA,,989567
1232791236,Asmara,ER,primary,963000
1694085071,Freetown,SL,primary,951000
1376261644,Jerusalem,IL,primary,919438
1591672475,Panama City,PA,primary,880691
1768409132,Lomé,TG,primary,837437
1266952885,Libreville,GA,primary,797003
1191233290,Zagreb,HR,primary,790017
1762930616,Dushanbe,TJ,primary,780000
1454688499,Lilongwe,MW,primary,781538
1204955174,Cotonou,BJ,primary,762000
1418732714,Vientiane,LA,primary,760000
1144251314,Colombo,LK,primary,752993
1646923541,Kigali,RW,primary,745261
1710176249,Pretoria,ZA,primary,741651
1140080881,Bangui,CF,primary,734350
1124224963,Winnipeg,CA,,705244
1124823933,Quebec City,CA,,705103
1428586192,Riga,LV,primary,698529
1578324706,Oslo,NO,primary,693494
1498011437,Chisinau,MD,primary,685900
1300715560,Athens,GR,primary,664046
1108101689,Bujumbura,BI,primary,658859
1246177997,Helsinki,FI,primary,642045
1807600615,Skopje,MK,primary,640000
1414102075,Kuwait City,KW,primary,637411
1388709177,Kingston,JM,primary,580000
1440887149,Vilnius,LT,primary,574147
1222647454,San Salvador,SV,primary,567698
1262028958,Djibouti,DJ,primary,562000
1620619017,Lisbon,PT,primary,506654
1124158530,Kitchener,CA,,470015
1233260021,Tallinn,EE,primary,434562
1710680650,Cape Town,ZA,primary,433688
1703195001,Bratislava,SK,primary,429564
1008162156,Tirana,AL,primary,418495
1036142029,Canberra,AU,primary,426704
1554772152,Wellington,NZ,primary,418500
1422847713,Beirut,LB,primary,361366
1834288497,Dodoma,TZ,primary,410956
1124130981,Halifax,CA,,403131
1624168850,Bissau,GW,primary,395954
1728444337,Juba,SS,primary,372410
1598685395,Port Moresby,PG,primary,364125
1384683557,Yamoussoukro,CI,primary,355573
1124147219,Victoria,CA,,335696
1426977668,Maseru,LS,primary,330790
1196944155,Nicosia,CY,primary,330000
1516802003,Windhoek,NA,primary,322500
1204172060,Porto-Novo,BJ,primary,300000
1068823873,Sucre,BO,primary,300000
1188749877,San José,CR,primary,288054
1705917455,Ljubljana,SI,primary,284355
1070966777,Sarajevo,BA,primary,275524
1044318561,Nassau,BS,primary,274400
1710495933,Bloemfontein,ZA,primary,256185
1072756768,Gaborone,BW,primary,231626
1740518660,Paramaribo,SR,primary,223757
1626308942,Dili,TL,primary,222323
1901760068,Pristina,XK,primary,204725
1328160906,Georgetown,GY,primary,200500
1226861333,Malabo,GQ,primary,187302
1056469830,Brussels,BE,primary,185103
1462441685,Male,MV,primary,133019
1499454516,Podgorica,ME,primary,174515
1048989486,Manama,BH,primary,157474
1480131261,Port Louis,MU,primary,149194
1356215164,New Delhi,IN,primary,142004
1756374318,Bern,CH,primary,133798
1352327190,Reykjavík,IS,primary,128793
1132398770,Praia,CV,primary,127832
1442262731,Luxembourg,LU,primary,122273
1144239330,Sri Jayewardenepura Kotte,LK,primary,115826
1052274244,Bridgetown,BB,primary,110000
1174793581,Moroni,KM,primary,111329
1064010361,Thimphu,BT,primary,104000
1748811945,Mbabane,SZ,primary,90138
1090737486,Honiara,SB,primary,84520
1242615095,Suva,FJ,primary,88271
1662922505,Castries,LC,primary,70000
1678301324,São Tomé,ST,primary,56166
1548805075,Port-Vila,VU,primary,51437
1096465895,Bandar Seri Begawan,BN,primary,50000
1492854256,Monaco,MC,primary,36371
1108778000,Gitega,BI,primary,41944
1780670676,Port of Spain,TT,primary,37074
1882489296,Apia,WS,primary,37708
1438317747,Vaduz,LI,primary,36281
1270723713,Banjul,GM,primary,31356
1296152641,Tarawa,KI,primary,28802
1690193579,Victoria,SC,primary,26450
1584000000,Majuro,MH,primary,25400
1670376659,Kingstown,VC,primary,25418
1776737461,Nuku‘alofa,TO,primary,24571
1028912067,Saint John’s,AG,primary,21926
1020828846,Andorra la Vella,AD,primary,22151
1084586375,Belmopan,BZ,primary,17222
1212060440,Roseau,DM,primary,16582
1659198919,Basseterre,KN,primary,13220
1016976740,Pago Pago,AS,primary,12576
1470574399,Valletta,MT,primary,6444
1583008885,Palikir,FM,primary,6227
1798251391,Funafuti,TV,primary,6025
1748963140,Lobamba,SZ,primary,5800
1308891766,Saint George’s,GD,primary,4315
1674741947,San Marino,SM,primary,4040
1934000006,Al Quds,XW,primary,
1580556972,Capitol Hill,MP,primary,2500
1316937540,Hagåtña,GU,primary,1051
1585525081,Ngerulmud,PW,primary,
1356698199,Bareilly,IN,,1000000
1704966442,Quảng Hà,VN,,1000000
1392129541,Kitaku,JP,,997536
1356727084,Jodhpur,IN,,995000
1156913008,Xingcheng,CN,minor,993000
1156536785,Dongtai,CN,minor,990306
1076050637,Joinvile,BR,,988000
1156012356,Yingcheng,CN,minor,986400
1804152933,Dnipro,UA,admin,983836
1826836462,Glasgow,GB,,985290
1392107144,Chiba,JP,admin,980203
1156578273,Danyang,CN,,980662
1076336975,Natal,BR,,980588
1380646673,Naples,IT,admin,972212
1156601489,Zhaodong,CN,minor,980000
1156960560,Xibeijie,CN,minor,977600
1368344172,Kirkuk,IQ,admin,975000
1156485081,Huilong,CN,minor,972525
1410160862,Tongjin,KR,,971327
1840020428,Oklahoma City,US,admin,972943
1250258110,Toulouse,FR,admin,968638
1792161179,Denizli,TR,admin,963464
1356960169,Dispur,IN,admin,957352
1356999503,Coimbatore,IN,,959823
1156138895,Luocheng,CN,minor,959006
1356593800,Guwāhāti,IN,,957352
1156202451,Shima,CN,minor,956400
1410622472,Sŏngnam,KR,,948757
1356314385,Solāpur,IN,,951558
1504861504,Tangier,MA,admin,947952
1156592047,Anqiu,CN,,947723
1156303834,Feicheng,CN,,946627
1156105450,Taishan,CN,,941095
1156023073,Meishan,CN,minor,936000
1180478201,Kisangani,CD,admin,935977
1729318628,Khartoum North,SD,,936349
1484666646,Aguascalientes,MX,admin,934424
1504172585,Marrakech,MA,admin,928850
1156911678,Nada,CN,minor,932356
1804963805,Donetsk,UA,admin,929063
1156875484,Taihecun,CN,,930000
1156198103,Wuchuan,CN,,927275
1604613706,Trujillo,PE,admin,919899
1608136151,Cebu City,PH,admin,922611
1156281983,Taihe,CN,minor,924531
1076784718,Olinda,BR,,921840
1840004836,Bridgeport,US,,924449
1356884472,Trichinopoly,IN,,916857
1156236053,Xin’an,CN,,920628
1360900986,Padang,ID,admin,914970
1156874864,Qingzhou,CN,,914047
1840000386,Buffalo,US,,914341
1156936644,Xinyi,CN,,913708
1156302762,Lichuan,CN,,913700
1156255811,Daye,CN,,909724
1840020696,Fort Worth,US,,909585
1156410076,Zhuanghe,CN,,905852
1840004773,Hartford,US,,905152
1682452296,Ad Dammām,SA,admin,903312
1410428222,Bucheon,KR,minor,867678
1156369972,Lhasa,CN,admin,902500
1760013934,Homs,SY,admin,900492
1156752602,Jiaozhou,CN,,900500
1484396779,Mérida,MX,admin,892363
1156202014,Dengtalu,CN,minor,887000
1566287704,Zaria,NG,minor,889000
1356102365,Hubli,IN,,890000
1566979497,Abeokuta,NG,admin,888924
1840022101,Tucson,US,,888486
1643438227,Krasnodar,RU,admin,881476
1076697777,Natal,BR,admin,877662
1076221386,Novo Hamburgo,BR,,876990
1484335603,Chihuahua,MX,admin,878062
1458509635,Klang,MY,,878000
1380244627,Turin,IT,admin,870952
1566773679,Jos,NG,admin,873943
1156207330,Laiyang,CN,,874127
1356494816,Jalandhar,IN,,873725
1076660445,Campo Grande,BR,admin,874210
1504989034,Sale,MA,,850403
1862647790,Barinas,VE,admin,873962
1250774071,Marseille,FR,admin,870018
1156686574,Kaifeng Chengguanzhen,CN,minor,872000
1792933981,Eskişehir,TR,admin,871187
1156673331,Gaomi,CN,,868715
1458423505,Ipoh,MY,admin,866772
1156332302,Hai’an,CN,minor,866337
1826558678,Liverpool,GB,,864122
1608189351,Zamboanga City,PH,admin,861799
1012126319,Oran,DZ,admin,852000
1826602892,Southampton,GB,,855569
1156194600,Weichanglu,CN,minor,859424
1360422679,Pekanbaru,ID,admin,855221
1826964096,Portsmouth,GB,,855679
1156705082,Leping,CN,minor,852800
1368578192,Erbil,IQ,admin,852500
1364535690,Kermānshāh,IR,admin,851405
1156804488,Hailun,CN,minor,850000
1156787307,Yangchun,CN,,849504
1156949639,Macheng,CN,,849090
1566480168,Ilorin,NG,admin,847582
1076727667,Teresina,BR,admin,847430
1840009315,Omaha,US,,847819
1156177817,Yuci,CN,,840000
1643556540,Saratov,RU,admin,845300
1076339714,Iguaçu,BR,,844583
1840023252,El Paso,US,,843386
1360848527,Denpasar,ID,admin,834881
1156898134,Dehui,CN,,839786
1484850125,Naucalpan de Juárez,MX,minor,833779
1356140143,Bhubaneshwar,IN,admin,837737
1156849608,Tongchuan,CN,minor,835600
1410964361,Cheongju,KR,admin,833276
1566325734,Warri,NG,minor,830106
1178411563,Pointe-Noire,CG,admin,829134
1156795164,Rongjiawan,CN,minor,826000
1484583620,San Luis Potosí,MX,admin,824229
1458469233,Butterworth,MY,,821652
1356019118,Bhayandar,IN,,814655
1156943939,Renqiu,CN,,822455
1484124846,Toluca,MX,admin,819561
1840013305,Honolulu,US,admin,820987
1484604775,Querétaro,MX,admin,804663
1156263165,Xindi,CN,,819446
1156729960,Wu’an,CN,,819000
1076793227,São Bernardo do Campo,BR,,816925
1484015319,Hermosillo,MX,admin,812229
1156182309,Wutong,CN,minor,815848
1608766695,Taguig City,PH,admin,804915
1484107245,Saltillo,MX,admin,807537
1156235854,Gaoyou,CN,minor,811800
1156405731,Hejian,CN,,810306
1156142520,Yiyang,CN,minor,810447
1156046618,Puxi,CN,minor,809535
1156086381,Zijinglu,CN,minor,807857
1156080077,Xiashi,CN,minor,806966
1792019202,Trabzon,TR,admin,807903
1076922014,João Pessoa,BR,admin,801718
1156259752,Dongyang,CN,minor,804398
1840021024,McAllen,US,,804114
1724981666,Valencia,ES,admin,794288
1156033855,Qingping,CN,minor,797200
1392913753,Niigata,JP,admin,796500
1392174500,Hamamatsu,JP,,791770
1484669072,Morelia,MX,,784776
1608278212,Pasig City,PH,admin,755300
1356269375,Morādābād,IN,,787000
1484516810,Culiacán,MX,admin,785800
1156524101,Xiangxiang,CN,,787216
1360141408,Malang,ID,,780000
1156255316,Xingyi,CN,,783120
1156671495,Chaohucun,CN,,782000
1156340393,Fuyang,CN,minor,771000
1608824345,Antipolo,PH,admin,776386
1826122597,Nottingham,GB,,768638
1156000460,Cencheng,CN,,772113
1616172264,Kraków,PL,admin,766739
1840005293,Hempstead,US,,768057
1792511957,Erzurum,TR,admin,767848
1784674685,Al ‘Ayn,AE,,766936
1156837705,Songzi,CN,,765911
1156973102,Laixi,CN,,762900
1156515985,Zhongba,CN,minor,762140
1156689964,Qingnian,CN,minor,760781
1840019176,Albuquerque,US,,761195
1566368729,Kaduna,NG,admin,760084
1484861603,Tlalnepantla,MX,minor,750224
1156544851,Xinhualu,CN,minor,758079
1156267419,Guangshui,CN,,755910
1276054552,Frankfurt,DE,minor,753056
1360684979,Samarinda,ID,admin,753370
1158439005,Changhua,TW,admin,750000
1710690280,Pietermaritzburg,ZA,admin,750845
1408328889,Hŭngnam,KP,,751322
1356110593,Kolhāpur,IN,,750000
1862889027,Ciudad Guayana,VE,minor,751331
1170743755,Cúcuta,CO,admin,750000
1156933354,Licheng,CN,minor,749522
1356024354,Thiruvananthapuram,IN,admin,743691
1643040435,Tyumen,RU,admin,744554
1862252264,San Cristóbal,VE,admin,743924
1804644752,Zaporizhzhia,UA,admin,741717
1484010310,Cancún,MX,minor,743626
1392106283,Kumamoto,JP,admin,739393
1156866870,Chengguan,CN,minor,740435
1156609562,Nehe,CN,,740000
1566574518,Sokoto,NG,admin,732178
1840006507,Birmingham,US,,739573
1156756935,Zunhua,CN,minor,737011
1364158221,Orūmīyeh,IR,admin,736224
1566930579,Oyo,NG,minor,736072
1156089788,Wugang,CN,,734870
1156968311,Shuangqiao,CN,minor,733000
1250363682,Rennes,FR,admin,727357
1156450911,Sizhan,CN,,730400
1156930148,Langzhong,CN,minor,728935
1826921049,Bristol,GB,,724000
1156315498,Qian’an,CN,,728160
1804939658,Lviv,UA,admin,724314
1156817518,Zouping,CN,,726722
1276376509,Bremen,DE,admin,724909
1484737671,Reynosa,MX,minor,725793
1368003357,An Najaf,IQ,admin,724700
1392967248,Sagamihara,JP,,722828
1156383681,Guli,CN,,723490
1840015988,Sarasota,US,,722243
1392954750,Okayama,JP,admin,720865
1124112672,Mississauga,CA,,721599
1156837145,Lingbao Chengguanzhen,CN,minor,721049
1156406202,Anlu,CN,minor,720000
1156264408,Wusong,CN,minor,720000
1840034249,Dayton,US,,718353
1566212729,Enugu,NG,admin,715774
1458236750,George Town,MY,admin,708127
1076000699,Jaboatão,BR,,702621
1076625886,Santo André,BR,,710210
1156116456,Xichang,CN,minor,712434
1170765625,Soledad,CO,minor,698852
1156254788,Chengxiang,CN,minor,709500
1643256295,Tolyatti,RU,,707408
1356139858,Sahāranpur,IN,,705478
1356851618,Warangal,IN,,704570
1076786452,Osasco,BR,,694844
1156141962,Dashiqiao,CN,minor,704891
1760555544,Latakia,SY,admin,700000
1840000373,Rochester,US,,703952
1840020319,Fresno,US,,703498
1360685223,Banjarmasin,ID,admin,692793
1356567087,Salem,IN,,693236
1156011120,Changsha,CN,minor,699242
1250071647,Grenoble,FR,minor,687985
1156077046,Shishi,CN,minor,693000
1484002410,Guadalupe,MX,minor,691931
1076527830,Aracaju,BR,admin,685356
1566483284,Bauchi,NG,admin,693700
1124567288,Hamilton,CA,,693645
1616832750,Łódź,PL,admin,690422
1156690651,Miluo Chengguanzhen,CN,minor,692080
1156145272,Gaizhou,CN,minor,691595
1392235505,Shizuoka,JP,admin,691185
1356113556,Mālegaon,IN,,690844
1368597794,Karbalā’,IQ,admin,690100
1156044041,Leling,CN,minor,689867
1076783887,São José dos Campos,BR,,688597
1156444449,Jianshe,CN,minor,687130
1484463183,Acapulco de Juárez,MX,minor,687608
1826289852,Sheffield,GB,,685368
1156033208,Jingcheng,CN,minor,684360
1608379532,City of Parañaque,PH,admin,665822
1356707865,Kochi,IN,,677381
1840001044,Allentown,US,,683794
1586038700,Bahawalpur,PK,minor,681696
1360027771,Tasikmalaya,ID,,678027
1446227359,Macau,MO,,568700
1484215762,Torreón,MX,minor,679288
1156368551,Xinmin,CN,,680000
1156029691,Shanhu,CN,minor,679762
1156658422,Zhongshu,CN,,679624
1156107208,Xigazê,CN,minor,679771
1036153217,Gold Coast,AU,,679127
1380428434,Palermo,IT,admin,674435
1608831546,Cagayan de Oro,PH,admin,675950
1356190221,Gorakhpur,IN,,673446
1156720536,Pinghu,CN,,671834
1156503907,Guankou,CN,,671200
1840021672,Tulsa,US,,671033
1156009046,Yatou,CN,minor,670251
1156143149,Songyang,CN,minor,668592
1840015130,Cape Coral,US,,668382
1408498177,Ch’ŏngjin,KP,minor,667929
1076174955,São José dos Pinhais,BR,,665063
1156103317,Puyang Chengguanzhen,CN,minor,666322
1156678111,Qionghu,CN,minor,667104
1156660138,Yanshi Chengguanzhen,CN,minor,666696
1076524478,Ribeirão Prêto,BR,,666323
1608418544,Dasmariñas,PH,,659019
1024079828,Huambo,AO,admin,665564
1156574542,Wenchang,CN,minor,664455
1156989733,Shulan,CN,,663403
1862657837,Catia La Mar,VE,minor,661897
1384983838,Bouaké,CI,admin,659233
1368735317,As Sulaymānīyah,IQ,admin,656100
1410037247,Hwasu-dong,KR,,655350
1410494847,Jeonju,KR,minor,653055
1484854616,Durango,MX,admin,654876
1356016156,Shimoga,IN,,654055
1410585171,Ansan,KR,,652800
1716032632,Bulawayo,ZW,admin,653337
1156207794,Xiping,CN,minor,652604
1156476348,Sanhe,CN,,652042
1356374905,Guntūr,IN,,647508
1156840276,Dali,CN,,652045
1840018905,Concord,US,,652308
1356539761,Tiruppūr,IN,,650000
1410020455,Ch’ŏnan,KR,,651661
1724907391,Zaragoza,ES,admin,649404
1643983138,Izhevsk,RU,admin,646277
1156259342,Guixi,CN,minor,647240
1392505502,Honchō,JP,,639107
1076758708,Sorocaba,BR,,644919
1484460894,Villahermosa,MX,admin,640359
1458989343,Petaling Jaya,MY,,638516
1156027100,Wuxue,CN,minor,644247
1528871692,Utrecht,NL,admin,640000
1180518247,Kikwit,CD,admin,637736
1840018825,Colorado Springs,US,,642413
1608492120,Valenzuela,PH,admin,620422
1156487293,Gaobeidian,CN,,640280
1156490037,Qufu,CN,,640498
1156104573,Ruiming,CN,,640600
1616108520,Wrocław,PL,admin,638586
1364630382,Rasht,IR,admin,639951
1250091495,Nantes,FR,admin,633690
1276171358,Stuttgart,DE,admin,634830
1682958157,Al Hufūf,SA,,637389
1156422214,Xinshi,CN,minor,636776
1068793894,Cochabamba,BO,admin,632013
1643318931,Barnaul,RU,admin,633301
1422886065,Tripoli,LB,admin,530000
1156661253,Jin’e,CN,minor,633210
1434915572,Benghazi,LY,admin,631555
1804544901,Kryvyy Rih,UA,minor,629695
1410188674,Yanggok,KR,,629061
1156166828,Changping,CN,,614821
1356096816,Raurkela,IN,,625831
1818000039,Ḩalwān,EG,,619293
1840015163,Charleston,US,,628377
1484504936,Chimalhuacán,MX,minor,614453
1156258586,Xinxing,CN,minor,627475
1156236948,Suohe,CN,minor,626700
1356972351,Mangalore,IN,,623841
1156263400,Zhuangyuan,CN,minor,626683
1643668944,Ulyanovsk,RU,admin,624518
1643439037,Irkutsk,RU,admin,623736
1356722310,Nānded,IN,,623708
1608869358,Bacoor,PH,,600609
1360992394,Pontianak,ID,admin,618388
1156127276,Bazhou,CN,,622975
1840000466,Springfield,US,,623401
1156573684,Turpan,CN,minor,622903
1276615258,Düsseldorf,DE,admin,619294
1156294952,Xingtai,CN,,611739
1156474288,Meihekou,CN,minor,618251
1156897463,Jurong,CN,,617706
1156077330,Zhugang,CN,minor,616346
1643175363,Khabarovsk,RU,admin,616242
1156456552,Xinji,CN,,615919
1408482040,Hamhŭng,KP,admin,614198
1360329102,Serang,ID,admin,613356
1682470726,Buraydah,SA,admin,614093
1887324526,Ta‘izz,YE,admin,596672
1250819356,Montpellier,FR,minor,607896
1032233996,San Miguel de Tucumán,AR,admin,605767
1643338528,Yaroslavl,RU,admin,608079
1156996913,Zhangshu,CN,,610424
1840002928,Grand Rapids,US,,609314
1643832017,Vladivostok,RU,admin,606589
1458763489,Kuantan,MY,admin,607778
1356872061,Cuttack,IN,,606007
1360645580,Jambi,ID,admin,602187
1156045160,Zhuozhou,CN,,603535
1076495001,Uberlândia,BR,,604013
1752059374,Gothenburg,SE,admin,600473
1156770851,Tianchang,CN,minor,602840
1076009922,Canoas,BR,,600000
1586696588,Sargodha,PK,minor,602631
1608544537,Las Piñas City,PH,,588894
1360181436,Cimahi,ID,,586580
1392975133,Kawaguchi,JP,,592373
1484832519,Tuxtla,MX,admin,598710
1360500922,Balikpapan,ID,,598043
1156277802,Qamdo,CN,minor,598862
1710149138,Durban,ZA,,595061
1392120675,Kagoshima,JP,admin,595319
1608171585,General Santos,PH,admin,594446
1356592607,Chānda,IN,,595118
1682494753,Al Ḩillah,SA,,594605
1643580480,Makhachkala,RU,admin,592976
1032456103,Mar del Plata,AR,minor,593337
1124625989,Brampton,CA,,593638
1156180482,Luocheng,CN,minor,591115
1840020580,Mission Viejo,US,,590249
1276562886,Dortmund,DE,minor,587010
1156225985,Chuxiong,CN,,588620
1608725647,Makati City,PH,admin,582602
1840000417,Albany,US,admin,586383
1458194263,Shah Alam,MY,admin,584340
1840014486,Knoxville,US,,586048
1276769247,Essen,DE,minor,583109
1076112309,Cuiabá,BR,admin,585367
1156107332,Shangzhi,CN,minor,585386
1156018338,Botou,CN,,584308
1170940590,Bucaramanga,CO,admin,581130
1410581095,Anyang,KR,,573296
1380716540,Genoa,IT,admin,580097
1156174997,Kuiju,CN,minor,581470
1484087945,Tlaquepaque,MX,minor,575942
1392172935,Hachiōji,JP,,577560
1356970407,Dehra Dūn,IN,admin,578420
1682956102,Aţ Ţā’if,SA,,579970
1608850554,San Jose del Monte,PH,,574089
1840019148,Bakersfield,US,,579295
1840020135,Ogden,US,,578523
1156284109,Xiulin,CN,,577022
1156244234,Fu’an,CN,minor,577000
1724397372,Málaga,ES,minor,574654
1643258928,Tomsk,RU,admin,572740
1364554896,Kermān,IR,admin,573449
1826028894,Kingston upon Hull,GB,,573300
1818406471,Al Maḩallah al Kubrá,EG,,543271
1156158643,Luofeng,CN,minor,570898
1156184681,Lingyuan,CN,,570660
1840013941,Baton Rouge,US,admin,570308
1170386718,Pereira,CO,admin,568750
1862318264,Ciudad Bolívar,VE,admin,567953
1356045686,Durgāpur,IN,,566517
1643685056,Orenburg,RU,admin,564443
1156921843,Shenzhou,CN,,566087
1356093694,Āsansol,IN,,563917
1608244137,Bacolod,PH,admin,561875
1840000791,Akron,US,,565208
1840004850,New Haven,US,,564830
1156634387,Zhenzhou,CN,minor,564021
1360853933,Surakarta,ID,,552118
1484017493,Tlajomulco de Zúñiga,MX,minor,549442
1156304827,Jieshou,CN,,561956
1156686465,Lanxi,CN,,560514
1364072353,Zāhedān,IR,admin,560725
1156585505,Dangyang,CN,,560000
1840014730,Columbia,US,admin,560041
1643216311,Kemerovo,RU,admin,556920
1276561036,Dresden,DE,admin,555805
1566061694,Uyo,NG,admin,554906
1356982375,Bhāvnagar,IN,,554978
1156092104,Luanzhou,CN,minor,554315
1484992153,Veracruz,MX,minor,552156
1643628717,Novokuznetsk,RU,,552105
1356280972,Nellore,IN,,547621
1604799615,Chiclayo,PE,admin,552508
1887984890,Al Ḩudaydah,YE,admin,548433
1364870126,Eslāmshahr,IR,minor,548620
1024474012,Cabinda,AO,admin,550000
1356462099,Amrāvati,IN,,549370
1156965620,Korla,CN,minor,549324
1156131099,Huanghua,CN,,548507
1156705922,Xingcheng,CN,,546176
1156017483,Wancheng,CN,minor,545597
1156081841,Kaiyuan,CN,,545624
1276563678,Leipzig,DE,minor,542529
1156519626,Fengcheng,CN,,543933
1356058258,Ajmer,IN,,542321
1156609451,Sihui,CN,,542873
1356037155,Tinnevelly,IN,,542200
1156530120,Fuding,CN,minor,542000
1862546949,Maturín,VE,admin,542259
1368273311,An Nāşirīyah,IQ,admin,541600
1368916692,Al Ḩillah,IQ,admin,541034
1170245063,Ibagué,CO,admin,541101
1276457707,Hannover,DE,admin,538068
1616725607,Poznań,PL,admin,538633
1643205787,Ryazan,RU,admin,537622
1156659612,Panshi,CN,,539804
1729157224,Kassala,SD,admin,536009
1156139784,Chang’an,CN,minor,537500
1156985313,Wencheng,CN,minor,537426
1156254380,Shashi,CN,,520000
1156436913,Aksu,CN,minor,535657
1032926124,Salta,AR,admin,535303
1410836094,Kimhae,KR,,534124
1643407929,Astrakhan,RU,admin,532504
1156864248,Mingguang,CN,,532732
1643008493,Naberezhnyye Chelny,RU,,529797
1056168623,Antwerp,BE,minor,529247
1356026593,Bīkaner,IN,,529007
1356148992,Agartala,IN,admin,522613
1484334948,Xalapa,MX,admin,525147
1894032745,Ndola,ZM,admin,528330
1364126377,Hamadān,IR,admin,528256
1170426927,Villavicencio,CO,admin,527668
1156279608,Ailan Mubage,CN,minor,526745
1484714297,Ensenada,MX,minor,522768
1250196189,Lyon,FR,admin,516092
1704025181,Bắc Ninh,VN,admin,520000
1484855080,Ciudad Apodaca,MX,minor,523370
1862528581,Santa Teresa del Tuy,VE,minor,525321
1076723241,Londrina,BR,,520238
1643492830,Penza,RU,admin,523726
1484614906,Heroica Matamoros,MX,minor,520367
1818628574,Port Said,EG,admin,524433
1586007078,New Mirpur,PK,minor,523500
1156530681,Yucheng,CN,,522878
1170423489,Bello,CO,minor,519670
1504333193,Meknès,MA,,520428
1276166609,Nuremberg,DE,minor,518365
1410983252,Pohang,KR,minor,520305
1392506125,Utsunomiya,JP,admin,519255
1156142150,Anda,CN,minor,520000
1156181533,Jinghong,CN,,519935
1156249772,Liaoyuan,CN,,506548
1840020566,Mesa,US,,518012
1124001454,Surrey,CA,,517887
1484282338,Cuautitlán Izcalli,MX,minor,511675
1356050735,Ujjain,IN,,515215
1170715594,Santa Marta,CO,admin,515556
1156424678,Beining,CN,,514898
1704909566,Hải Dương,VN,admin,507469
1332000098,Carrefour,HT,,511345
1112580227,Homyel’,BY,admin,510300
1826431946,Leicester,GB,,508916
1156405468,Yanji,CN,,513072
1024141961,Benguela,AO,admin,513000
1156742818,Yicheng,CN,minor,512530
1682590992,Tabūk,SA,admin,512629
1643772906,Lipetsk,RU,admin,510439
1356375341,Ulhāsnagar,IN,,506098
1392220893,Matsuyama,JP,admin,509139
1608473406,Muntinlupa City,PH,admin,504509
1156113193,Kashgar,CN,minor,506640
1156081300,Linghai,CN,,508079
1887867886,Aden,YE,admin,507355
1356712664,Jhānsi,IN,,507000
1894321752,Kitwe,ZM,,504194
1566262000,Aba,NG,minor,500183
1840015094,Palm Bay,US,,507002
1158209038,Pingtung,TW,admin,503530
1860388706,Samarkand,UZ,admin,504423
1356445061,Davangere,IN,,503564
1392076347,Ichikawa,JP,,495592
1356491738,Jammu,IN,,502197
1484841466,Mazatlán,MX,minor,502547
1392117396,Higashi-ōsaka,JP,,494640
1566756897,Ile-Ife,NG,minor,501952
1643106064,Kirov,RU,admin,501468
1818735651,Madīnat as Sādis min Uktūbar,EG,,500000
1398274508,Qaraghandy,KZ,admin,501129
1484350756,Mazatán,MX,minor,500000
1276977172,Duisburg,DE,minor,498590
1804398395,Mykolaiv,UA,admin,498748
1392642525,Matsudo,JP,,492671
1840020174,Provo,US,,500617
1156136207,Meicheng,CN,minor,500292
1076501425,Niterói,BR,,496696
1250372069,Rouen,FR,admin,494382
1504891036,Oujda-Angad,MA,admin,494252
1458747615,Johor Bahru,MY,admin,497097
1840000434,Worcester,US,,498328
1156039152,Hongjiang,CN,,498100
1604199858,Chimbote,PE,,497875
1156096868,Dengtacun,CN,,496122
1484452937,Ixtapaluca,MX,minor,495563
1156769646,Zhijiang,CN,,495995
1156571332,Chengjiao,CN,minor,495744
1156378599,Beipiao,CN,,496164
1840020553,Murrieta,US,,496046
1458150101,Kota Bharu,MY,admin,491237
1156013872,Heshan,CN,,494938
1484363879,Ciudad López Mateos,MX,minor,489937
1704960059,Vinh,VN,admin,490000
1484562374,Tultitlán de Mariano Escobedo,MX,minor,486998
1156084618,Duyun,CN,,493574
1156653230,Encheng,CN,minor,492814
1392114116,Nishinomiya-hama,JP,,487413
1004003059,Kandahār,AF,admin,491500
1643163382,Cheboksary,RU,admin,489498
1156294277,Yuanping,CN,,491213
1729710259,Port Sudan,SD,admin,489275
1170481949,Valledupar,CO,admin,490075
1826492520,Edinburgh,GB,,488050
1356390535,Belgaum,IN,,488157
1643255206,Tula,RU,admin,485221
1156438524,Taozhou,CN,minor,487243
1818495972,Suez,EG,admin,485342
1156690538,Shahe,CN,,486329
1364429875,Yazd,IR,admin,486152
1231826873,Nazrēt,ET,,476892
1156238773,Gaoping,CN,,484862
1840057464,Brookhaven,US,,484671
1840013501,Greenville,US,,484465
1364624691,Arāk,IR,admin,484212
1484264138,San Nicolás de los Garza,MX,minor,476761
1356091187,Gulbarga,IN,,483615
1076006144,Juiz de Fora,BR,,470193
1156058709,Dunhua,CN,minor,483811
1076892244,Feira de Santana,BR,,481911
1156658217,Jiaji,CN,minor,483217
1400161837,Az Zarqā’,JO,admin,481300
1076922153,Americana,BR,,479472
1364437616,Ardabīl,IR,admin,482632
1050646703,Sylhet,BD,admin,479837
1840001686,Wichita,US,,482249
1840000572,Toledo,US,,482111
1156017759,Kaihua,CN,minor,481505
1826362422,Caerdydd,GB,,479000
1356104995,Jāmnagar,IN,,479920
1156196485,Fuyuan,CN,,480000
1356224695,Dhūlia,IN,,479073
1508958445,Nampula,MZ,admin,477900
1356045727,Gaya,IN,,474093
1300458367,Piraeus,GR,minor,466065
1392081193,Ōita,JP,admin,477701
1076190259,Florianópolis,BR,admin,477798
1586413435,Chiniot,PK,minor,477781
1156155414,Jiannan,CN,minor,477868
1156575615,Wuhai,CN,minor,477000
1643178106,Kaliningrad,RU,admin,475056
1586383591,Sukkur,PK,minor,476776
1156426803,Nangong,CN,,476096
1840034032,Staten Island,US,,476143
1032869625,San Juan,AR,admin,471389
1076404077,Vila Velha,BR,,472762
1076189884,Macapá,BR,admin,474706
1840007069,Des Moines,US,admin,473957
1604331641,Piura,PE,admin,473025
1156812073,Jiaojiangcun,CN,,471500
1156791804,Laohekou,CN,,471482
1156404715,Fujin,CN,,470000
1156084414,Beian,CN,,470000
1484979555,Celaya,MX,minor,468469
1156910270,Xiaoyi,CN,,468770
1250789140,Strasbourg,FR,admin,465069
1032009573,Lanús,AR,minor,459263
1156587033,Qingzhen,CN,,467992
1156346497,Jiangshan,CN,,467862
1368444902,Ba‘qūbah,IQ,admin,467900
1288890688,Tamale,GH,admin,466723
1616406372,Gdańsk,PL,admin,464254
1392684679,Kanazawa,JP,admin,463873
1360771278,Manado,ID,admin,461636
1156184861,Jinchang,CN,minor,464200
1566495489,Calabar,NG,admin,461796
1392551602,Fukuyama,JP,,462203
1840020490,Long Beach,US,,462628
1792485155,Malatya,TR,admin,461574
1704016023,Huế,VN,admin,455230
1356734842,Jalgaon,IN,,460468
1840015119,Port St. Lucie,US,,461152
1076477498,Mauá,BR,,453286
1170855299,Montería,CO,admin,460223
1376401542,Tel Aviv-Yafo,IL,admin,451523
1156161838,Xicheng,CN,minor,459781
1608000077,Marikina City,PH,admin,450741
1410641095,Pyeongtaek,KR,,457873
1356058372,Kurnool,IN,,457633
1788741658,Sfax,TN,admin,453050
1608985581,City of Calamba,PH,,454486
1840019390,Denton,US,,457177
1368838855,Ar Ramādī,IQ,admin,456853
1458467506,Melaka,MY,admin,455300
1076343513,Volta Redonda,BR,,456362
1156278784,Jian’ou,CN,minor,456000
1156106796,Shenmu,CN,,455493
1156018839,Huadian,CN,,455339
1158127875,Taoyuan District,TW,admin,443273
1608875987,Iloilo,PH,admin,447992
1458441859,Kota Kinabalu,MY,admin,452058
1156295044,Minzhu,CN,minor,453265
1050547831,Rājshāhi,BD,admin,448087
1818501770,Ţanţā,EG,admin,429503
1643989845,Balashikha,RU,,450771
1356266094,Udaipur,IN,,451100
1643011077,Kursk,RU,admin,449063
1804630021,Mariupol,UA,,449498
1180475821,Bukavu,CD,admin,436779
1158276420,Hsinchu,TW,admin,445635
1862418619,Barcelona,VE,admin,448016
1012275076,Constantine,DZ,admin,448374
1156690688,Tanbei,CN,minor,447701
1566196391,Ado-Ekiti,NG,admin,446749
1792630786,Batman,TR,admin,447106
1608448280,Pasay City,PH,admin,416522
1840002915,Madison,US,admin,447245
1156442510,Pingquan,CN,minor,446939
1156988315,Baisha,CN,,446000
1356209152,Bellary,IN,,445388
1192766111,Santiago de Cuba,CU,admin,444851
1156001205,Yongji,CN,,444724
1840020121,Reno,US,,445020
1156347994,Danjiangkou,CN,,443755
1792726797,Kahramanmaraş,TR,admin,443575
1076760827,São José do Rio Prêto,BR,,442548
1860445095,Andijon,UZ,admin,441700
1840001288,Harrisburg,US,admin,442289
1250925250,Nancy,FR,minor,434565
1818255319,Al Manşūrah,EG,admin,439348
1392788615,Machida,JP,,434407
1156629205,Ning’an,CN,minor,440000
1508407369,Beira,MZ,admin,439264
1840015509,Little Rock,US,admin,439815
1756539143,Zürich,CH,admin,434008
1156240430,Zhangjiakou Shi Xuanhua Qu,CN,minor,409745
1408510801,Sunch’ŏn,KP,,437000
1076867279,Diadema,BR,,412428
1156955625,Guangming,CN,minor,437559
1356921375,Sāngli,IN,,436639
1356751023,Tuticorin,IN,,436094
1004237782,Herāt,AF,admin,436300
1360696757,Kupang,ID,admin,433970
1586678302,Larkana,PK,minor,435817
1410364424,Jeju,KR,admin,435413
1364120623,Bandar ‘Abbās,IR,admin,435751
1076033299,Santos,BR,,433966
1643947228,Stavropol,RU,admin,433577
1566777297,Katsina,NG,admin,432149
1360384833,Yogyakarta,ID,admin,422732
1356010401,Calicut,IN,minor,431560
1364312712,Zanjān,IR,admin,433475
1710480365,Welkom,ZA,,431944
1643774900,Ulan-Ude,RU,admin,431922
1840020296,Oakland,US,,433031
1392133166,Kashiwa,JP,,429070
1004436363,Mazār-e Sharīf,AF,admin,427600
1364006067,Kāshān,IR,minor,432557
1504534876,Kenitra,MA,,431282
1682497044,Khamīs Mushayţ,SA,,430828
1410394650,Masan,KR,,429612
1604162901,Cusco,PE,admin,428450
1804806030,Sevastopol,UA,admin,428753
1608166320,Mandaluyong City,PH,admin,386276
1410396744,Kihŭng,KR,,425184
1392498272,Toyota,JP,,426477
1356089496,Akola,IN,,425817
1156048097,Yan’an Beilu,CN,minor,426253
1504116858,Agadir,MA,admin,421844
1076857883,Mogi das Cruzes,BR,,424633
1840013364,Durham,US,,424700
1180978192,Likasi,CD,,422535
1124922301,Laval,CA,,422993
1840015324,Winston-Salem,US,,422269
1410888678,Uijeongbu,KR,,421579
1643456559,Tver,RU,admin,419363
1792156766,Elazığ,TR,admin,421726
1566568277,Akure,NG,admin,420594
1410638233,Kumi,KR,,421075
1104494124,Hpa-An,MM,admin,421525
1840014227,Bonita Springs,US,,421291
1156267191,Hailin,CN,minor,420000
1458051507,Seremban,MY,admin,419536
1392427161,Takamatsu,JP,admin,418772
1156612198,Lecheng,CN,minor,419500
1156759747,Zhengjiatun,CN,,419529
1804688214,Luhansk,UA,admin,417990
1156147187,Pencheng,CN,,419047
1643987830,Magnitogorsk,RU,,418241
1608036027,Angeles City,PH,admin,411634
1729215531,El Obeid,SD,admin,418280
1156912899,Dalai,CN,,418232
1156533633,Xingren,CN,,417919
1724728111,Palma,ES,admin,416065
1180380965,Kolwezi,CD,admin,418000
1156385754,Wenlan,CN,minor,417156
1840019304,Indio,US,,417059
1840015064,Palm Coast,US,,417007
1834484937,Arusha,TZ,admin,416442
1156455704,Fenyang,CN,,416212
1392000560,Toyama,JP,admin,415816
1410365324,Paju,KR,minor,415345
1360021952,Mataram,ID,admin,408900
1840014569,Chattanooga,US,,415501
1608430676,Lapu-Lapu City,PH,admin,408112
1156260844,Nagqu,CN,minor,414554
1404511920,Kisumu,KE,admin,409928
1360517692,Jayapura,ID,admin,413283
1156384608,Fangting,CN,minor,412758
1392162566,Nagasaki,JP,admin,411421
1840021093,Spokane,US,,412275
1586291726,Shekhupura,PK,minor,411834
1643009782,Sochi,RU,,411524
1356760990,Bhāgalpur,IN,,410210
1076484921,Ipatinga,BR,,407894
1643297945,Ivanovo,RU,admin,406933
1566395088,Osogbo,NG,admin,408245
1608802508,Imus,PH,,403785
1484887986,Ciudad Obregón,MX,minor,405000
1795079064,Türkmenabat,TM,admin,408906
1860894033,Namangan,UZ,admin,408500
1643208827,Bryansk,RU,admin,406553
1156260069,Basuo,CN,minor,408309
1156077074,Taiping,CN,,407594
1862284350,Maracay,VE,admin,407109
1724107739,Murcia,ES,admin,406807
1156275703,Jiexiu,CN,,406517
1800265900,Mbale,UG,admin,402368
1398626276,Taraz,KZ,admin,406262
1818456592,Asyūţ,EG,admin,389307
1032817575,Santa Fe,AR,admin,405683
1076218697,Campina Grande,BR,,405072
1616256546,Szczecin,PL,admin,403833
1156064979,Ghulja,CN,minor,403489
1840000378,Syracuse,US,,404223
1076874103,Carapicuíba,BR,,392294
1392097787,Gifu,JP,admin,401534
1356304110,Quilon,IN,,397419
1076998392,Jundiaí,BR,,401896
1840003718,Lancaster,US,,401524
1528636212,Eindhoven,NL,minor,398053
1356163729,Sīkar,IN,,400000
1356033724,Tumkūr,IN,,399606
1156352568,Jiangjiafan,CN,,400000
1392216224,Miyazaki,JP,admin,398307
1840019422,Arlington,US,,398854
1840021517,Stockton,US,,397264
1356022456,Bhātpāra,IN,,386019
1458405180,Sandakan,MY,,396290
1156225234,Hejin,CN,,395527
1704016079,Thanh Hóa,VN,admin,393294
1356592356,Muzaffarnagar,IN,,392451
1840000500,Poughkeepsie,US,,394760
1050609330,Comilla,BD,,389411
1250778717,Metz,FR,minor,391187
1076606365,Campos,BR,,387417
1704497901,Nha Trang,VN,admin,392279
1643407900,Belgorod,RU,admin,391135
1566782065,Yola,NG,admin,392854
1392948850,Minamisuita,JP,,381829
1600667303,San Lorenzo,PY,,387977
1368864006,Ad Dīwānīyah,IQ,admin,391600
1156265838,Hancheng,CN,,391164
1156595629,Fuyu,CN,,356905
1380202039,Bologna,IT,admin,388367
1156892128,Karamay,CN,minor,391008
1356573609,Kākināda,IN,,384182
1840029462,Augusta,US,admin,390809
1356077831,Bhīlwāra,IN,,389911
1076809957,Caxias do Sul,BR,,381270
1156769379,Tieli,CN,minor,390000
1360643410,Cilegon,ID,,387543
1156435764,Baicheng,CN,minor,386861
1356242168,Nizāmābād,IN,,388505
1840027142,Boise,US,admin,389280
1484750897,Tonalá,MX,minor,374258
1392862345,Okazaki,JP,,387294
1834011288,Mwanza,TZ,admin,385810
1398602716,Aqtöbe,KZ,admin,387807
1100436706,Plovdiv,BG,admin,384088
1840020474,Oxnard,US,,387647
1504709141,Tétouan,MA,,380787
1380726561,Florence,IT,admin,382258
1682249750,Ḩā’il,SA,admin,385257
1156230664,Yidu,CN,,384598
1156020454,Lianzhou,CN,minor,384700
1840003389,Scranton,US,,384250
1124469960,London,CA,,383822
1724501748,Las Palmas,ES,admin,379925
1076391263,Rio Branco,BR,admin,383443
1840020287,Modesto,US,,383134
1392379530,Ichinomiya,JP,,379689
1203676514,Brno,CZ,admin,381346
1840015109,Kissimmee,US,,382720
1170320545,Pasto,CO,admin,382236
1364073420,Qazvīn,IR,admin,381598
1484625454,Irapuato,MX,minor,380941
1688169087,Novi Sad,RS,admin,380000
1152734289,Antofagasta,CL,admin,380695
1156232270,Shihezi,CN,minor,380130
1156278934,Shache,CN,,373492
1356118632,Pānihāti,IN,,377347
1604249985,Huancayo,PE,admin,378203
1840018794,Aurora,US,,379289
1608045841,Malabon,PH,admin,365525
1356632842,Parbhani,IN,,378326
1222984157,Usulután,SV,admin,378606
1840003563,Youngstown,US,,378732
1554377228,Christchurch,NZ,admin,377200
1792115763,Hatay,TR,admin,377793
1604493809,Iquitos,PE,admin,377609
1792938326,Sivas,TR,admin,377561
1156734041,Helixi,CN,minor,376857
1724417375,A Coruña,ES,minor,370610
1170930654,Manizales,CO,admin,375848
1554797148,Manukau City,NZ,,375600
1826799578,Stoke-on-Trent,GB,,372775
1862583279,Cumaná,VE,admin,374706
1804658571,Vinnytsia,UA,admin,371855
1356162915,Rohtak,IN,,374292
1356918265,Lātūr,IN,,374394
1392482960,Toyohashi,JP,,373234
1364178783,Sanandaj,IR,admin,373987
1484597234,Nuevo Laredo,MX,minor,373725
1156172518,Anguo,CN,,370317
1360756802,Ambon,ID,admin,372249
1608794590,Mandaue City,PH,admin,362654
1158820647,Keelung,TW,admin,370155
1100789115,Varna,BG,admin,369162
1156002852,Lengshuijiang,CN,,370300
1356110350,Rājapālaiyam,IN,,369991
1392603439,Nagano,JP,admin,370057
1368147923,Az Zubayr,IQ,minor,370000
1682001245,Al Qaţīf,SA,,368892
1484926471,Cuernavaca,MX,admin,366321
1156373900,Sanya,CN,minor,362689
1484589606,Nicolás Romero,MX,minor,366602
1156035769,Huichang,CN,minor,367113
1112480679,Vitsyebsk,BY,admin,364800
1076905338,Bauru,BR,,366992
1276227288,Bochum,DE,minor,364628
1076208869,Anápolis,BR,,366491
1826979198,Coventry,GB,,362690
1156280237,Zalantun,CN,minor,366323
1484363321,Tecámac,MX,minor,364579
1586288677,Jhang City,PK,minor,365198
1484345554,Ciudad General Escobedo,MX,minor,363436
1408692125,Wŏnsan,KP,admin,363127
1792965114,Kocaeli,TR,admin,363416
1360191448,Bengkulu,ID,admin,360495
1076113275,Montes Claros,BR,,361915
1332051873,Pétion-Ville,HT,,359615
1156052635,Shuanghejiedao,CN,minor,360000
1616454014,Bydgoszcz,PL,admin,358614
1643007475,Surgut,RU,,360590
1724910555,Donostia,ES,minor,357468
1854348796,Bobo-Dioulasso,BF,admin,360106
1566217980,Umuahia,NG,admin,359230
1729215057,Gedaref,SD,admin,354927
1360518272,Palu,ID,admin,359350
1608571683,Santa Rosa,PH,,353767
1524416084,Pokhara,NP,admin,353841
1112518993,Mahilyow,BY,admin,357100
1156059331,Wudalianchi,CN,,360000
1458639918,Sungai Petani,MY,,358499
1704906277,Nam Định,VN,admin,352108
1408740449,Sinŭiju,KP,admin,359341
1112187197,Hrodna,BY,admin,356900
1643712167,Vladimir,RU,admin,356168
1076857089,São Vicente,BR,,355542
1392907296,Wakayama,JP,admin,355825
1156185328,Yong’an,CN,minor,357000
1076942224,Itaquaquecetuba,BR,,352801
1276004611,Wuppertal,DE,minor,354382
1484735713,Minatitlán,MX,minor,356020
1643992310,Nizhniy Tagil,RU,,355693
1392520831,Nara,JP,admin,353989
1156905289,Hongzhai,CN,,355037
1724331267,Bilbao,ES,minor,346843
1528822178,Haarlem,NL,admin,349957
1398790087,Pavlodar,KZ,admin,353930
1410797548,Gimpo,KR,minor,352683
1586136399,Rahimyar Khan,PK,,353203
1792940471,Van,TR,admin,353419
1032173097,Corrientes,AR,admin,352646
1608848483,San Pedro,PH,,325809
1643797198,Arkhangelsk,RU,admin,351488
1156208986,Licheng,CN,minor,352472
1862398719,Cabimas,VE,minor,351735
1156666223,Yakeshi,CN,minor,352173
1608164766,Baguio City,PH,admin,345366
1356972679,Ahmadnagar,IN,,350859
1840013368,Fayetteville,US,,351246
1392606124,Koshigaya,JP,,345458
1192920574,Holguín,CU,admin,350191
1860403462,Qo‘qon,UZ,,350000
1840019322,Anaheim,US,,350365
1156386711,Yingmen,CN,,350000
1076166252,Piracicaba,BR,,342209
1364548806,Khorramābād,IR,admin,348216
1356831716,Rājahmundry,IN,,341831
1643036673,Chita,RU,admin,347088
1364501878,Sārī,IR,admin,347402
1804926154,Makiivka,UA,,347376
1716688236,Chitungwiza,ZW,,340360
1840015005,Pensacola,US,,346921
1840021731,Victorville,US,,346789
1392340764,Tokorozawa,JP,,341409
1408940912,Tanch’ŏn,KP,,345876
1031630283,Sumqayıt,AZ,admin,341200
1729229371,Kūstī,SD,,345068
1368336235,Al ‘Amārah,IQ,admin,345007
1356360140,Cuddapah,IN,,344893
1804665958,Simferopol,UA,admin,341799
1608237027,Tarlac City,PH,admin,342493
1840020516,Lancaster,US,,343304
1840013356,Greensboro,US,,343090
1608000268,Iligan,PH,admin,342618
1710178149,East London,ZA,,338627
1392164106,Ōtsu,JP,admin,342175
1076740256,Franca,BR,,342112
1643161747,Kaluga,RU,admin,341892
1410002025,Yeosu,KR,minor,341994
1840019718,Corpus Christi,US,,342464
1356897425,Muzaffarpur,IN,,333200
1616953501,Lublin,PL,admin,339850
1112896927,Brest,BY,admin,339700
1156332794,Lianran,CN,minor,341341
1356570855,Alwar,IN,,341422
1156960624,Baishan,CN,minor,330000
1392825080,Kawagoe,JP,,337931
1860479627,Farg‘ona,UZ,admin,340600
1392675180,Tamuramachi-moriyama,JP,,340560
1356569354,Brahmapur,IN,,324726
1704542086,Buôn Ma Thuột,VN,admin,340000
1608039268,Biñan,PH,,333028
1392158088,Iwaki,JP,,340231
1398405657,Semey,KZ,,340000
1792003860,Tarsus,TR,minor,339676
1710279034,Randburg,ZA,,337053
1484433877,Tepic,MX,admin,332863
1524593184,Jitpur,NP,,337785
1408725697,Kaesŏng,KP,minor,338155
1180325051,Beni,CD,,332903
1410560599,Chinju,KR,,337230
1156682620,Tangdong,CN,minor,337495
1608000722,Butuan,PH,admin,337063
1826869043,Reading,GB,,337108
1826325087,Belfast,GB,,333871
1724923163,Alicante,ES,minor,334887
1012045589,Blida,DZ,admin,331779
1156202457,Hangu,CN,,332793
1156969537,Yingzhong,CN,,334977
1152898644,Viña del Mar,CL,,332875
1392380358,Asahikawa,JP,,334692
1276112885,Bielefeld,DE,minor,333786
1218041020,Cuenca,EC,admin,329928
1840008261,Fort Wayne,US,,334122
1392333295,Maebashi,JP,admin,332999
1608615113,Lipa City,PH,,332386
1729581572,Wad Medani,SD,admin,332714
1840058203,Islip,US,,332862
1788927583,Sousse,TN,admin,327004
1356676559,Kāmārhāti,IN,,330211
1300397999,Thessaloníki,GR,admin,315196
1031197327,Gəncə,AZ,admin,331400
1356820491,Bilāspur,IN,,331030
1840021964,Santa Ana,US,,332318
1050399881,Mymensingh,BD,admin,330126
1818281002,Al Fayyūm,EG,admin,315940
1840002949,Flint,US,,332190
1360992102,Kendari,ID,admin,331013
1792020804,Balıkesir,TR,admin,331788
1818017750,Az Zaqāzīq,EG,admin,302840
1704613715,Thái Nguyên,VN,admin,330000
1643627051,Smolensk,RU,admin,329853
1410782685,Wŏnju,KR,,330854
1076013378,Maringá,BR,,328335
1630035577,San Juan,PR,,331165
1368137126,Dahūk,IQ,admin,330600
1608417616,Batangas,PH,admin,329874
1356066081,Mathura,IN,,330511
1076815692,Pelotas,BR,,320674
1156971194,Bamiantong,CN,minor,330000
1392086071,Kōchi,JP,admin,328930
1356458416,Patiāla,IN,,329224
1586006990,Gujrat,PK,minor,328512
1276807850,Bonn,DE,minor,327258
1704581438,Vũng Tàu,VN,admin,327000
1124272698,Markham,CA,,328966
1356781800,Saugor,IN,,328240
1710090212,Roodepoort,ZA,,326416
1484092318,Gómez Palacio,MX,minor,327985
1643875527,Volzhskiy,RU,,326055
1380991126,Bari,IT,admin,325183
1356499139,Bijāpur,IN,,327427
1360447543,Sukabumi,ID,,320970
1156182060,Ulanhot,CN,,327081
1840013490,Fayetteville,US,,327435
1076348188,Itajaí,BR,,327126
1404140179,Nakuru,KE,admin,307990
1156589240,Yunzhong,CN,minor,326849
1368081888,Al Fallūjah,IQ,minor,326471
1076621300,Boa Vista,BR,admin,326419
1642503974,Cluj-Napoca,RO,admin,324576
1752705818,Malmö,SE,admin,321845
1410103113,Gwangmyeongni,KR,,318021
1604478712,Pucallpa,PE,admin,326040
1724706440,Córdoba,ES,minor,325701
1458462262,Kuching,MY,admin,325132
1562758258,Zinder,NE,admin,322935
1392583118,Naha,JP,admin,317606
1231234833,Gonder,ET,,323900
1076230331,Uberaba,BR,,325279
1840014895,Jackson,US,admin,325350
1231468531,Mekele,ET,admin,323700
1356058458,Kulti,IN,,313809
1840021488,Santa Rosa,US,,324634
1332384588,Gonaïves,HT,admin,324043
1840003102,Lansing,US,admin,324286
1156167534,Binxian,CN,,323256
1036468001,Newcastle,AU,,322278
1643201853,Kurgan,RU,admin,322042
1156888008,Kaiyuan,CN,,322693
1504016606,Temara,MA,,313510
1484051478,Uruapan,MX,minor,315350
1156111844,Hotan,CN,minor,322300
1192667983,Camagüey,CU,admin,321992
1840003172,Ann Arbor,US,,322267
1032815808,San Salvador de Jujuy,AR,admin,321789
1642603121,Timişoara,RO,admin,319279
1368569694,Al Kūt,IQ,admin,321521
1484997178,Tapachula,MX,minor,320451
1356415439,Shāhjānpur,IN,,320434
1643937680,Cherepovets,RU,,318856
1804547489,Poltava,UA,admin,317847
1840020361,Henderson,US,,320189
1120956931,Maroua,CM,admin,319941
1408781295,Kaech’ŏn,KP,,319554
1410904940,Asan,KR,,319929
1484016854,Coatzacoalcos,MX,minor,319187
1840005061,Huntsville,US,,319249
1356589298,Trichūr,IN,,315596
1608826995,General Trias,PH,,314303
1360011375,Cirebon,ID,,316126
1484060031,Tampico,MX,minor,314418
1840015211,Lexington,US,,317110
1558023610,Boaco,NI,admin,317000
1398371414,Öskemen,KZ,admin,316699
1704320474,Cà Mau,VN,admin,315270
1170159963,Neiva,CO,admin,316033
1608604441,Cabuyao,PH,,308745
1643013685,Vologda,RU,admin,313012
1643003229,Saransk,RU,admin,314789
1840006009,Mobile,US,,315502
1728186782,Bor,SS,admin,315351
1276714504,Münster,DE,minor,314319
1356062166,Barddhamān,IN,,314265
1504230428,Ksar El Kebir,MA,,306600
1276923210,Karlsruhe,DE,minor,313092
1586858135,Kasur,PK,minor,314617
1156326854,Yakou,CN,minor,313828
1643703818,Orël,RU,admin,311625
1504000717,Safi,MA,,308508
1364272235,Shahr-e Qods,IR,minor,309605
1076812020,Vitória da Conquista,BR,,308204
1760197502,Ḩamāh,SY,admin,312994
1076832747,Guarujá,BR,,311230
1380562508,Catania,IT,minor,311584
1356486511,Purnea,IN,,310817
1840020151,Fort Collins,US,,312666
1710918997,Port Elizabeth,ZA,,312392
1792233416,Alanya,TR,minor,312319
1840013411,Asheville,US,,312507
1840021864,Santa Clarita,US,,312446
1364802450,Gorgān,IR,admin,312223
1076045591,Porto Velho,BR,admin,306180
1704056461,Quy Nhơn,VN,admin,311000
1356772339,Sambalpur,IN,,310852
1392198395,Yokkaichi,JP,,310145
1484834149,Chalco,MX,minor,310130
1276150104,Mannheim,DE,minor,309370
1408892768,Namp’o,KP,admin,310864
1364482289,Shahrīār,IR,minor,309607
1392431449,Kasugai,JP,,306876
1566310893,Sapele,NG,minor,309162
1076618665,Blumenau,BR,,309011
1408018673,Sariwŏn,KP,admin,307764
1124140229,St. Catharines,CA,,309319
1180529604,Matadi,CD,admin,306053
1124704011,Niagara Falls,CA,,308596
1356031978,Fīrozābād,IN,,306409
1608862124,San Fernando,PH,admin,306659
1840008940,St. Paul,US,admin,308096
1643438348,Vladikavkaz,RU,admin,306978
1643163546,Yakutsk,RU,admin,307911
1566285237,Minna,NG,admin,304113
1356004790,Hisar,IN,,307024
1862856141,Puerto La Cruz,VE,minor,306261
1600265252,Ciudad del Este,PY,admin,304282
1643693800,Podolsk,RU,,299660
1484616519,Ciudad Victoria,MX,admin,305155
1392129688,Akita,JP,admin,306178
1156131545,Kumul,CN,minor,300848
1124000141,Vaughan,CA,,306233
1392000137,Ōakashichō,JP,,299094
1360039434,Pekalongan,ID,,298386
1792686663,Adıyaman,TR,admin,304615
1620040225,Vila Nova de Gaia,PT,minor,302295
1480343099,Curepipe,MU,,299975
1608247694,Cabanatuan City,PH,,302231
1484301467,Oaxaca,MX,admin,300050
1170398459,Armenia,CO,admin,301226
1036502269,Wollongong,AU,,302739
1250882453,Brest,FR,minor,300300
1566560581,Awka,NG,admin,301657
1410134391,Iksan,KR,,302310
1076146252,Taubaté,BR,,302331
1840018903,Antioch,US,,302419
1840015108,Lakeland,US,,302284
1608224037,Cadiz,PH,,283157
1704758756,Sóc Trăng,VN,admin,300000
1231663122,Āwasa,ET,admin,300100
1586001546,Mardan,PK,minor,300424
1170764265,Popayán,CO,admin,300837
1076548222,Praia Grande,BR,,299261
1156103756,Qianzhou,CN,minor,301000
1608753128,Cotabato,PH,admin,299438
1356933453,Bīdar,IN,,300136
1616443575,Białystok,PL,admin,297288
1862668122,Mérida,VE,admin,300000
1643755251,Murmansk,RU,admin,298096
1792855788,Afyonkarahisar,TR,admin,299673
1724133771,Valladolid,ES,admin,298412
1360316553,Jember,ID,minor,298585
1032795766,Bahía Blanca,AR,minor,299101
1792962911,İskenderun,TR,minor,297943
1682484039,Al Mubarraz,SA,,298562
1076352504,Petrópolis,BR,,298142
1682947408,Al Kharj,SA,,298428
1356666569,Rāmpur,IN,,296418
1682069716,Najrān,SA,admin,298288
1804565996,Chernihiv,UA,admin,294522
1410795549,Yangsan,KR,minor,297532
1724045676,Vigo,ES,,295364
1840058379,Oyster Bay,US,,297531
1152337970,Valparaíso,CL,admin,296655
1276314100,Augsburg,DE,minor,295135
1834396594,Mbeya,TZ,admin,291649
1076508566,Limeira,BR,,296440
1050667437,Rangpur,BD,admin,294265
1076716439,Ponta Grossa,BR,,292177
1356724691,Shiliguri,IN,,294546
1792650390,Aksaray,TR,admin,295351
1608538447,Navotas,PH,admin,249463
1792065200,Çorum,TR,admin,294807
1356113138,Bāli,IN,,293373
1818532766,Ismailia,EG,admin,293184
1356526780,Pānīpat,IN,,292808
1380685705,Cagliari,IT,admin,291511
1332257532,Delmas,HT,,284079
1012093229,Batna,DZ,admin,290645
1410672540,Kunp’o,KR,,285721
1643802687,Tambov,RU,admin,290365
1642367695,Iaşi,RO,admin,290422
1686527948,Thiès,SN,admin,293001
1566873994,Makurdi,NG,admin,292645
1392981957,Morioka,JP,admin,292554
1804514036,Kherson,UA,admin,291428
1643049853,Groznyy,RU,admin,291687
1156999688,Hong’an,CN,minor,289999
1120435460,Bafoussam,CM,admin,290768
1032720891,Resistencia,AR,admin,291720
1642328429,Braşov,RO,admin,290743
1604174464,Juliaca,PE,,291189
1040184559,Graz,AT,admin,289440
1356578937,Karīmnagar,IN,,289821
1012981116,Sétif,DZ,admin,288461
1840001383,Trenton,US,admin,290716
1440302852,Kaunas,LT,admin,288466
1250218452,Mulhouse,FR,minor,285121
1156161638,Hulin,CN,,290000
1288186231,Sekondi,GH,admin,286248
1840009357,Lincoln,US,admin,289490
1356806356,Bhuj,IN,,289429
1203687206,Ostrava,CZ,admin,287968
1356651502,Ichalkaranji,IN,,287570
1356362995,Tirupati,IN,,287482
1840009904,Springfield,US,,288090
1862535644,Punto Fijo,VE,minor,287558
1840020662,Plano,US,,287677
1840019325,Irvine,US,,287401
1392570027,Fukushima,JP,admin,286742
1250441405,Orléans,FR,admin,282828
1356241463,Hospet,IN,,286007
1604388134,Tacna,PE,admin,286240
1384205840,Korhogo,CI,admin,286071
1642851858,Constanţa,RO,admin,283872
1376133727,Haifa,IL,admin,281087
1484929782,Coacalco,MX,minor,278064
1076894967,Crato,BR,,273883
1250736774,Limoges,FR,minor,283823
1840007081,Davenport,US,,285362
1862429150,Coro,VE,admin,284266
1104027443,Bago,MM,admin,284179
1156672189,Fuquan,CN,,283904
1156606433,Tongchuanshi,CN,,282258
1356342768,Āīzawl,IN,admin,283021
1076000585,Taboão da Serra,BR,,272177
1356009968,Sannai,IN,,283004
1156917368,Huozhou,CN,,282905
1152318955,Temuco,CL,admin,282415
1643812452,Sterlitamak,RU,,280233
1840009132,Rockford,US,,282762
1360035814,Tegal,ID,,275789
1604607907,Ica,PE,admin,282407
1840002791,Newark,US,,282011
1156261326,Jining,CN,,281716
1410231130,Chuncheon,KR,admin,281596
1364376065,Malārd,IR,minor,281027
1360769496,Pematangsiantar,ID,,278055
1704453892,Long Xuyên,VN,admin,278658
1643319966,Petrozavodsk,RU,admin,278551
1840009241,South Bend,US,,280498
1586782526,Mingaora,PK,,279914
1356550583,Bārāsat,IN,,278435
1840015768,Shreveport,US,,280062
1170364198,Sincelejo,CO,admin,279031
1704332956,Việt Trì,VN,admin,277539
1804459212,Cherkasy,UA,admin,276360
1276652118,Wiesbaden,DE,admin,278342
1643869304,Kostroma,RU,admin,277648
1840011171,Round Lake Beach,US,,279381
1410545168,Gyeongsan,KR,,278500
1616798495,Katowice,PL,admin,276499
1156978131,Shaowu,CN,minor,278000
1156043522,Linxia Chengguanzhen,CN,minor,274466
1484575026,Pachuca,MX,admin,277375
1231089714,Dire Dawa,ET,admin,277000
1804347108,Khmelnytskyi,UA,admin,274176
1392083898,Aomori,JP,admin,276567
1566833788,Owo,NG,minor,276574
1840015830,Savannah,US,,276295
1032970696,Posadas,AR,admin,275988
1124722129,Gatineau,CA,,276245
1124261024,Windsor,CA,,276165
1392082102,Tsu,JP,admin,275371
1840014717,Myrtle Beach,US,,275579
1180720887,Mbandaka,CD,admin,274996
1484817336,Tehuacán,MX,minor,274906
1862282663,La Guaira,VE,admin,275000
1410913202,Kunsan,KR,,275155
1643786132,Nizhnevartovsk,RU,,274575
1840019350,Chula Vista,US,,274492
1356241663,Ratlām,IN,,273892
1410698161,Yeosu,KR,minor,273761
1076425706,Crato,BR,,273883
1826333435,Derby,GB,,270500
1818347704,Kafr ad Dawwār,EG,,262748
1840020007,Eugene,US,,273439
1724170659,Gijón,ES,,271780
1158867217,Chiayi,TW,admin,268622
1392370709,Fuchū,JP,,263932
1076052802,Palmas,BR,admin,272726
1642859458,Craiova,RO,admin,269506
1562200314,Maradi,NE,admin,267249
1360018780,Sorong,ID,,272349
1360498576,Majene,ID,minor,272377
1860523678,Bukhara,UZ,admin,272500
1704716027,Thái Bình,VN,admin,268167
1360884608,Binjai,ID,,269053
1398593972,Oral,KZ,admin,271900
1050193121,Brāhmanbāria,BD,,268279
1364143380,Sartā,IR,,271467
1356107172,Imphāl,IN,admin,268243
1826947183,Plymouth,GB,,267918
1392167256,Ichihara,JP,,270478
1218148017,Santo Domingo de los Colorados,EC,admin,270875
1643087180,Novorossiysk,RU,,270774
1222021362,Santa Ana,SV,admin,270413
1804540656,Zhytomyr,UA,admin,266936
1392665227,Mito,JP,admin,269661
1566855445,Gombe,NG,admin,270366
1246357316,Espoo,FI,minor,269802
1356910418,Drug,IN,,268806
1120909610,Bamenda,CM,admin,269530
1356080179,Handwāra,IN,,269311
1608000461,Lucena,PH,admin,266248
1840000963,Canton,US,,269418
1643701904,Yoshkar-Ola,RU,admin,266675
1643746064,Nalchik,RU,admin,265162
1818262512,Aswān,EG,admin,267913
1484741627,Salamanca,MX,minor,260759
1792592205,İnegöl,TR,minor,268155
1804652872,Chernivtsi,UA,admin,266550
1392943074,Yao,JP,,266386
1076684312,Sumaré,BR,,265955
1840020604,Lubbock,US,,267648
1682000044,Yanbu‘,SA,,267590
1804489982,Sumy,UA,admin,265758
1180581239,Tshikapa,CD,,267462
1356296545,Anantapur,IN,,267161
1608801564,San Pablo,PH,,266068
1840001185,Reading,US,,267155
1840015970,Winter Haven,US,,267069
1104715655,Myeik,MM,,266720
1076974144,Marabá,BR,,266932
1792671735,Kütahya,TR,admin,266784
1840021224,Salem,US,admin,266804
1012268984,Djelfa,DZ,admin,265833
1076843988,Petrolina,BR,,260985
1410109654,Suncheon,KR,minor,265390
1840015977,St. Petersburg,US,,265351
1586002238,Dera Ghazi Khan,PK,minor,264742
1180106925,Kindu,CD,admin,262914
1068626742,Oruro,BO,,264683
1364663520,Dezfūl,IR,minor,264709
1792340207,Osmaniye,TR,admin,264373
1840015044,Lafayette,US,,264357
1410173146,Kyŏngju,KR,,264091
1360153292,Dumai,ID,,264084
1392189230,Kakogawachō-honmachi,JP,,262308
1056062897,Gent,BE,minor,262219
1036870987,Geelong,AU,,263280
1792855069,Çorlu,TR,minor,262862
1586294005,Nawabshah,PK,minor,263102
1276788537,Gelsenkirchen,DE,minor,260654
1392897510,Fukui,JP,admin,262530
1276982173,Mönchengladbach,DE,minor,261454
1250449238,Bordeaux,FR,admin,257804
1012600001,Annaba,DZ,admin,257359
1380660414,Venice,IT,admin,261905
1076211114,Barueri,BR,,262275
1764667935,Nonthaburi,TH,admin,255671
1840021002,Laredo,US,,262079
1840003600,Jersey City,US,,262075
1704029499,Quảng Ngãi,VN,admin,260252
1840014559,Concord,US,,261801
1818708838,Damanhūr,EG,admin,244043
1156958987,Dongta,CN,minor,261677
1484140727,Ciudad Benito Juárez,MX,minor,260683
1076509946,Cascavel,BR,,257172
1392311050,Hiratsuka,JP,,257729
1840014887,Columbus,US,,261445
